-- phpMyAdmin SQL Dump
-- version 5.2.0
-- https://www.phpmyadmin.net/
--
-- Servidor: localhost:3306
-- Tiempo de generación: 18-08-2022 a las 12:44:55
-- Versión del servidor: 5.7.36
-- Versión de PHP: 7.4.30

SET SQL_MODE = "NO_AUTO_VALUE_ON_ZERO";
START TRANSACTION;
SET time_zone = "+00:00";


/*!40101 SET @OLD_CHARACTER_SET_CLIENT=@@CHARACTER_SET_CLIENT */;
/*!40101 SET @OLD_CHARACTER_SET_RESULTS=@@CHARACTER_SET_RESULTS */;
/*!40101 SET @OLD_COLLATION_CONNECTION=@@COLLATION_CONNECTION */;
/*!40101 SET NAMES utf8mb4 */;

--
-- Base de datos: `moso_waitlist`
--

-- --------------------------------------------------------

--
-- Estructura de tabla para la tabla `areas`
--

CREATE TABLE `areas` (
  `id` bigint(20) UNSIGNED NOT NULL,
  `code` varchar(255) COLLATE utf8mb4_unicode_ci NOT NULL,
  `name` varchar(255) COLLATE utf8mb4_unicode_ci NOT NULL,
  `icon` varchar(255) COLLATE utf8mb4_unicode_ci NOT NULL,
  `created_at` timestamp NULL DEFAULT NULL,
  `updated_at` timestamp NULL DEFAULT NULL
) ENGINE=InnoDB DEFAULT CHARSET=utf8mb4 COLLATE=utf8mb4_unicode_ci;

--
-- Volcado de datos para la tabla `areas`
--

INSERT INTO `areas` (`id`, `code`, `name`, `icon`, `created_at`, `updated_at`) VALUES
(1, 'AH', 'Ahorros', 'fa-piggy-bank fa-2xl', '2022-08-18 11:37:40', '2022-08-18 11:37:40'),
(2, 'PR', 'Préstamos', 'fa-hand-holding-usd', '2022-08-18 11:37:40', '2022-08-18 11:37:40'),
(3, 'HP', 'Hipotecas', 'fa-house-circle-check', '2022-08-18 11:37:40', '2022-08-18 11:37:40'),
(4, 'TJ', 'Tarjetas', 'fa-credit-card', '2022-08-18 11:37:40', '2022-08-18 11:37:40'),
(5, 'NG', 'Negocios', 'fa-building', '2022-08-18 11:37:40', '2022-08-18 11:37:40'),
(6, 'DP', 'Depósitos', 'fa-money-bill-transfer', '2022-08-18 11:37:40', '2022-08-18 11:37:40'),
(7, 'BR', 'B. Raíces', 'fa-house-chimney', '2022-08-18 11:37:40', '2022-08-18 11:37:40'),
(8, 'CF', 'Certificados', 'fa-file-invoice-dollar', '2022-08-18 11:37:40', '2022-08-18 11:37:40'),
(9, 'AY', 'Consulta', 'fa-circle-question', '2022-08-18 11:37:40', '2022-08-18 11:37:40');

-- --------------------------------------------------------

--
-- Estructura de tabla para la tabla `clients`
--

CREATE TABLE `clients` (
  `id` bigint(20) UNSIGNED NOT NULL,
  `name` varchar(255) COLLATE utf8mb4_unicode_ci NOT NULL,
  `email` varchar(255) COLLATE utf8mb4_unicode_ci NOT NULL,
  `phone` varchar(255) COLLATE utf8mb4_unicode_ci DEFAULT NULL,
  `address` varchar(255) COLLATE utf8mb4_unicode_ci DEFAULT NULL,
  `cedula` varchar(255) COLLATE utf8mb4_unicode_ci NOT NULL,
  `created_at` timestamp NULL DEFAULT NULL,
  `updated_at` timestamp NULL DEFAULT NULL
) ENGINE=InnoDB DEFAULT CHARSET=utf8mb4 COLLATE=utf8mb4_unicode_ci;

--
-- Volcado de datos para la tabla `clients`
--

INSERT INTO `clients` (`id`, `name`, `email`, `phone`, `address`, `cedula`, `created_at`, `updated_at`) VALUES
(1, 'D\'angelo Stoltenberg', 'd\'angelostoltenberg@email.com', '+19383563282', '84850 Darlene Villages\nGayside, IA 54364', '0001', '2022-08-18 11:37:41', '2022-08-18 11:37:41'),
(2, 'Barry Harris', 'barryharris@email.com', '574-447-5795', '333 Hilpert Land\nMcDermottbury, MT 06422-0392', '0002', '2022-08-18 11:37:41', '2022-08-18 11:37:41'),
(3, 'Micah Huels IV', 'micahhuelsiv@email.com', '+1 (713) 866-9847', '98320 Hollis Extension Suite 734\nSouth Clementina, WI 57442', '0003', '2022-08-18 11:37:41', '2022-08-18 11:37:41'),
(4, 'Prof. Maude Cummerata DVM', 'prof.maudecummeratadvm@email.com', '(831) 953-7881', '7421 Walter Road Suite 178\nEast Merlintown, CA 06031', '0004', '2022-08-18 11:37:41', '2022-08-18 11:37:41'),
(5, 'Davion Crona', 'davioncrona@email.com', '+1 (332) 957-9187', '9818 Feil Trail\nDejuanfurt, IL 61893-3878', '0005', '2022-08-18 11:37:41', '2022-08-18 11:37:41'),
(6, 'Mr. Lenny Kling', 'mr.lennykling@email.com', '+1-480-369-1816', '690 Etha Village Apt. 180\nAmeliaborough, AK 93747-2340', '0006', '2022-08-18 11:37:41', '2022-08-18 11:37:41'),
(7, 'Michel Jakubowski', 'micheljakubowski@email.com', '+1 (701) 863-5984', '77664 Carter Fork\nHellermouth, NV 35393', '0007', '2022-08-18 11:37:41', '2022-08-18 11:37:41'),
(8, 'Mariah Gerhold', 'mariahgerhold@email.com', '(309) 843-7684', '688 Sedrick Bridge Suite 818\nPort Madiehaven, NC 60941', '0008', '2022-08-18 11:37:41', '2022-08-18 11:37:41'),
(9, 'Oliver Trantow Jr.', 'olivertrantowjr.@email.com', '1-906-450-4537', '644 Leffler Route Suite 910\nAlishamouth, DE 99509', '0009', '2022-08-18 11:37:41', '2022-08-18 11:37:41'),
(10, 'Jeramie McDermott DVM', 'jeramiemcdermottdvm@email.com', '+1-737-854-0025', '388 Austen Throughway\nDouglasberg, SC 32173', '0010', '2022-08-18 11:37:41', '2022-08-18 11:37:41'),
(11, 'Mary Anderson', 'maryanderson@email.com', '(754) 724-8514', '367 Golden Way Suite 136\nEast Ruthe, VA 19299', '0011', '2022-08-18 11:37:41', '2022-08-18 11:37:41'),
(12, 'Tyra Steuber', 'tyrasteuber@email.com', '360-446-4862', '1414 Cleve Course\nBraunville, NJ 59428-1237', '0012', '2022-08-18 11:37:41', '2022-08-18 11:37:41'),
(13, 'Prof. Braden Turner', 'prof.bradenturner@email.com', '929-713-2835', '20532 Stefan Overpass Apt. 600\nNew Pedro, VT 31288', '0013', '2022-08-18 11:37:41', '2022-08-18 11:37:41'),
(14, 'Ebba Spencer', 'ebbaspencer@email.com', '1-541-398-6614', '2129 Geoffrey Expressway Apt. 059\nStephenshire, UT 26296-0013', '0014', '2022-08-18 11:37:41', '2022-08-18 11:37:41'),
(15, 'Miss Emmy Renner', 'missemmyrenner@email.com', '(802) 472-0653', '352 Dominic Overpass Apt. 079\nWaelchiton, KS 45634', '0015', '2022-08-18 11:37:41', '2022-08-18 11:37:41'),
(16, 'Stewart Bayer', 'stewartbayer@email.com', '+1.430.462.3476', '99099 D\'Amore Passage\nChelseahaven, ND 23659-3196', '0016', '2022-08-18 11:37:41', '2022-08-18 11:37:41'),
(17, 'Shirley Nader', 'shirleynader@email.com', '+1.256.618.0274', '42836 Windler Green\nJeremieport, SD 63252-8031', '0017', '2022-08-18 11:37:41', '2022-08-18 11:37:41'),
(18, 'Lori Mann', 'lorimann@email.com', '1-712-835-0173', '405 Vandervort Branch Apt. 947\nBraunview, MI 44751', '0018', '2022-08-18 11:37:41', '2022-08-18 11:37:41'),
(19, 'Efren Spencer', 'efrenspencer@email.com', '+15858927033', '69547 Dicki Lakes\nMateoshire, ND 38239', '0019', '2022-08-18 11:37:41', '2022-08-18 11:37:41'),
(20, 'Bryon Johnson Sr.', 'bryonjohnsonsr.@email.com', '401-266-3723', '707 Abshire Lodge\nTremayneville, GA 20678', '0020', '2022-08-18 11:37:41', '2022-08-18 11:37:41'),
(21, 'Wilton Shanahan', 'wiltonshanahan@email.com', '(689) 802-9980', '96535 Jamey Camp Apt. 686\nRunolfsdottirville, OH 77861-4905', '0021', '2022-08-18 11:37:41', '2022-08-18 11:37:41'),
(22, 'Catharine Stamm', 'catharinestamm@email.com', '715.344.1726', '27227 Ethelyn Divide\nLakinland, FL 25336-3910', '0022', '2022-08-18 11:37:41', '2022-08-18 11:37:41'),
(23, 'Burdette Pfannerstill', 'burdettepfannerstill@email.com', '(934) 388-1044', '52933 Kuhn Flat Suite 856\nKundeberg, IA 25677', '0023', '2022-08-18 11:37:41', '2022-08-18 11:37:41'),
(24, 'Vicky Mante', 'vickymante@email.com', '+1.743.699.6168', '7482 Kuhlman Rapids Apt. 951\nPricefort, OK 76116', '0024', '2022-08-18 11:37:41', '2022-08-18 11:37:41'),
(25, 'Emelie Barrows', 'emeliebarrows@email.com', '(949) 545-5104', '174 Jackson Land\nEmeliahaven, IL 29188', '0025', '2022-08-18 11:37:41', '2022-08-18 11:37:41'),
(26, 'Prof. Syble Johns II', 'prof.syblejohnsii@email.com', '+1-820-684-8596', '6769 Schoen Fall Suite 683\nEast Edenfort, HI 43851-0124', '0026', '2022-08-18 11:37:41', '2022-08-18 11:37:41'),
(27, 'Prof. Alisa Steuber II', 'prof.alisasteuberii@email.com', '678.456.0715', '78897 Stoltenberg Circles Suite 000\nSibylton, RI 35889-4284', '0027', '2022-08-18 11:37:41', '2022-08-18 11:37:41'),
(28, 'Alysson Franecki', 'alyssonfranecki@email.com', '+15039246099', '253 Wiza Courts Apt. 391\nNew Hortense, DC 40417-8942', '0028', '2022-08-18 11:37:41', '2022-08-18 11:37:41'),
(29, 'Miss Yasmin Kub V', 'missyasminkubv@email.com', '+1-217-669-0252', '24941 Bernhard Avenue\nWehnerburgh, NM 59828', '0029', '2022-08-18 11:37:41', '2022-08-18 11:37:41'),
(30, 'Mrs. Kiera Robel', 'mrs.kierarobel@email.com', '1-725-898-7390', '58630 Herzog Summit\nFaytown, MI 48372-9027', '0030', '2022-08-18 11:37:41', '2022-08-18 11:37:41'),
(31, 'Gillian Turner', 'gillianturner@email.com', '+1-417-509-5392', '31236 Conor Meadow\nEast Jarenstad, SC 59757-7149', '0031', '2022-08-18 11:37:41', '2022-08-18 11:37:41'),
(32, 'Serenity Sauer', 'serenitysauer@email.com', '920.528.1467', '17241 Ernser Stravenue\nSouth Karifurt, ME 86684', '0032', '2022-08-18 11:37:41', '2022-08-18 11:37:41'),
(33, 'Vallie Kerluke', 'valliekerluke@email.com', '+1 (667) 863-6324', '6042 Nitzsche Land\nOsinskihaven, PA 75094', '0033', '2022-08-18 11:37:41', '2022-08-18 11:37:41'),
(34, 'Olga Bauch', 'olgabauch@email.com', '+1.540.658.0774', '456 Ruecker Center Apt. 113\nNorth Ellis, DC 88824', '0034', '2022-08-18 11:37:41', '2022-08-18 11:37:41'),
(35, 'Terrance Parisian PhD', 'terranceparisianphd@email.com', '832-242-0024', '3384 Cali Terrace Suite 281\nMaxville, ND 36618-9690', '0035', '2022-08-18 11:37:41', '2022-08-18 11:37:41'),
(36, 'Dr. Akeem Corwin II', 'dr.akeemcorwinii@email.com', '1-559-379-1707', '210 Mauricio Mills\nDennisborough, HI 43671-3894', '0036', '2022-08-18 11:37:41', '2022-08-18 11:37:41'),
(37, 'Elsie Morar MD', 'elsiemorarmd@email.com', '(754) 252-0838', '8110 Bartoletti Fields Apt. 546\nNew Mazie, WY 73898', '0037', '2022-08-18 11:37:41', '2022-08-18 11:37:41'),
(38, 'Brook Parker II', 'brookparkerii@email.com', '+1.239.789.5602', '5507 Lindsay Lodge Suite 166\nLake Cary, AZ 21867', '0038', '2022-08-18 11:37:41', '2022-08-18 11:37:41'),
(39, 'Prof. Kenna Mayert I', 'prof.kennamayerti@email.com', '+1-714-525-4354', '5695 Collier Ranch Suite 280\nMarisolstad, OR 01994', '0039', '2022-08-18 11:37:41', '2022-08-18 11:37:41'),
(40, 'Kayden Dare', 'kaydendare@email.com', '417-634-3003', '45816 Jamir Shore Suite 623\nWatersfort, NJ 49706', '0040', '2022-08-18 11:37:41', '2022-08-18 11:37:41'),
(41, 'Mr. Nico Rippin DDS', 'mr.nicorippindds@email.com', '(551) 899-8536', '898 Sarah Forest\nJerdeville, OH 12674-6519', '0041', '2022-08-18 11:37:41', '2022-08-18 11:37:41'),
(42, 'Elijah Kunze PhD', 'elijahkunzephd@email.com', '+1 (402) 695-1561', '592 Demarco Circles\nCorwinfort, CT 97756', '0042', '2022-08-18 11:37:41', '2022-08-18 11:37:41'),
(43, 'Madelyn Roberts', 'madelynroberts@email.com', '(559) 826-8968', '576 Adele Prairie Apt. 642\nNorth Tillmanview, DC 52339', '0043', '2022-08-18 11:37:41', '2022-08-18 11:37:41'),
(44, 'Immanuel Witting Jr.', 'immanuelwittingjr.@email.com', '(256) 475-5722', '3907 Valentin Shoal Apt. 798\nWest Kaitlinport, LA 77120', '0044', '2022-08-18 11:37:41', '2022-08-18 11:37:41'),
(45, 'Isidro Luettgen', 'isidroluettgen@email.com', '+1-657-210-9470', '71890 Randi Junction Apt. 295\nEast Tarynborough, CA 93967-3735', '0045', '2022-08-18 11:37:41', '2022-08-18 11:37:41'),
(46, 'Tyreek Spinka', 'tyreekspinka@email.com', '(276) 796-5845', '610 Smith Square\nNew Billie, WV 39574', '0046', '2022-08-18 11:37:41', '2022-08-18 11:37:41'),
(47, 'Edward Wisozk', 'edwardwisozk@email.com', '832-436-6320', '437 Lubowitz Island Suite 141\nHarveymouth, WV 59398-0786', '0047', '2022-08-18 11:37:41', '2022-08-18 11:37:41'),
(48, 'Tre Harber III', 'treharberiii@email.com', '+1 (351) 722-3529', '572 Donnelly Camp Apt. 079\nNorth Adrienne, NM 06758', '0048', '2022-08-18 11:37:41', '2022-08-18 11:37:41'),
(49, 'Eddie Bednar', 'eddiebednar@email.com', '+1 (754) 225-2772', '926 Kuhic Groves\nEast Jackson, WA 04477-1513', '0049', '2022-08-18 11:37:41', '2022-08-18 11:37:41'),
(50, 'Maximus Herzog', 'maximusherzog@email.com', '458.728.4620', '265 Avery Drives Suite 814\nEast Shanie, MO 20047', '0050', '2022-08-18 11:37:41', '2022-08-18 11:37:41'),
(51, 'Brice Graham', 'bricegraham@email.com', '+13107593663', '54111 Marshall Roads\nBoyerberg, OH 97646-0937', '0051', '2022-08-18 11:37:41', '2022-08-18 11:37:41'),
(52, 'Arne Terry', 'arneterry@email.com', '+12098247613', '940 Jasper Plains\nNew Cooperhaven, AR 32819-4789', '0052', '2022-08-18 11:37:41', '2022-08-18 11:37:41'),
(53, 'Creola Schumm', 'creolaschumm@email.com', '(334) 924-1211', '544 Eichmann Junctions Apt. 782\nSaraiside, CO 64636-6765', '0053', '2022-08-18 11:37:41', '2022-08-18 11:37:41'),
(54, 'Prof. Lyric Pagac DVM', 'prof.lyricpagacdvm@email.com', '858.569.9102', '484 Barbara Circle Apt. 474\nEast Krystal, IA 55179-3311', '0054', '2022-08-18 11:37:41', '2022-08-18 11:37:41'),
(55, 'Joesph Torp', 'joesphtorp@email.com', '(715) 514-1864', '529 Burley Roads Suite 855\nLake Michelside, MT 75248-8810', '0055', '2022-08-18 11:37:41', '2022-08-18 11:37:41'),
(56, 'Chelsie Schmidt', 'chelsieschmidt@email.com', '+1 (934) 774-8998', '14680 Dewayne Ville Apt. 924\nNikolausfurt, VA 25857-5848', '0056', '2022-08-18 11:37:41', '2022-08-18 11:37:41'),
(57, 'Marcelino Heaney', 'marcelinoheaney@email.com', '(612) 862-1685', '8763 Wunsch Path\nMuraziktown, DE 27367', '0057', '2022-08-18 11:37:41', '2022-08-18 11:37:41'),
(58, 'Cory Stark', 'corystark@email.com', '+1.254.432.3505', '64242 Frederique Cove\nWest Deanna, VT 67729-7055', '0058', '2022-08-18 11:37:41', '2022-08-18 11:37:41'),
(59, 'Mr. Lavon Marvin I', 'mr.lavonmarvini@email.com', '678.506.7639', '8057 Hill Villages Apt. 608\nKinghaven, UT 62777-8583', '0059', '2022-08-18 11:37:41', '2022-08-18 11:37:41'),
(60, 'Susie Bashirian', 'susiebashirian@email.com', '+1 (757) 439-8733', '98686 Sigrid Dale\nNorth Tianna, ME 09264', '0060', '2022-08-18 11:37:41', '2022-08-18 11:37:41'),
(61, 'Elinor Trantow', 'elinortrantow@email.com', '+18503861055', '7059 Lyric Road Apt. 563\nGaylordmouth, NC 68420', '0061', '2022-08-18 11:37:41', '2022-08-18 11:37:41'),
(62, 'Winfield Auer', 'winfieldauer@email.com', '470.209.4245', '576 Nakia Island Suite 823\nSouth Opalstad, FL 68293', '0062', '2022-08-18 11:37:41', '2022-08-18 11:37:41'),
(63, 'Mortimer Fay', 'mortimerfay@email.com', '1-480-325-4077', '345 Mohr Crescent Apt. 331\nMorarborough, VA 12854-0864', '0063', '2022-08-18 11:37:41', '2022-08-18 11:37:41'),
(64, 'Dr. Jayde Maggio II', 'dr.jaydemaggioii@email.com', '(651) 842-6467', '112 Evelyn Expressway\nHamilltown, DE 79981', '0064', '2022-08-18 11:37:41', '2022-08-18 11:37:41'),
(65, 'Bernardo Effertz II', 'bernardoeffertzii@email.com', '(949) 701-2374', '182 Nicole Burgs\nEast Berry, MI 79461-4001', '0065', '2022-08-18 11:37:41', '2022-08-18 11:37:41'),
(66, 'Kariane Smith', 'karianesmith@email.com', '+1-954-941-4043', '1685 Destiney Junction Suite 522\nEast Jewell, GA 22507', '0066', '2022-08-18 11:37:41', '2022-08-18 11:37:41'),
(67, 'Dr. Tate Wiza PhD', 'dr.tatewizaphd@email.com', '1-629-895-8707', '63530 Genevieve Light Apt. 525\nSchummmouth, KS 99066-2352', '0067', '2022-08-18 11:37:41', '2022-08-18 11:37:41'),
(68, 'Ms. Lonie Labadie III', 'ms.lonielabadieiii@email.com', '1-407-431-7889', '309 Haag Squares\nNorth Judah, OH 54643-7614', '0068', '2022-08-18 11:37:41', '2022-08-18 11:37:41'),
(69, 'Mr. Orval Ruecker IV', 'mr.orvalrueckeriv@email.com', '1-971-970-4958', '624 Koss Circle Suite 384\nEast Jacintofort, TX 48515', '0069', '2022-08-18 11:37:41', '2022-08-18 11:37:41'),
(70, 'Vallie White', 'valliewhite@email.com', '1-986-260-8834', '1017 Judy Lane\nPort Vincetown, WY 29374-5923', '0070', '2022-08-18 11:37:41', '2022-08-18 11:37:41'),
(71, 'Gertrude Langosh', 'gertrudelangosh@email.com', '1-308-297-4034', '4260 Jerry Knoll Apt. 159\nWest Emeryview, MO 57085-3268', '0071', '2022-08-18 11:37:41', '2022-08-18 11:37:41'),
(72, 'Eduardo Watsica', 'eduardowatsica@email.com', '+1.681.579.3684', '985 Lockman Squares\nPort Darenburgh, NJ 59828', '0072', '2022-08-18 11:37:41', '2022-08-18 11:37:41'),
(73, 'Pauline Fadel', 'paulinefadel@email.com', '+1 (802) 280-9498', '874 Brianne Land Apt. 571\nLockmanport, MI 63875-7739', '0073', '2022-08-18 11:37:41', '2022-08-18 11:37:41'),
(74, 'Virginia Wisoky', 'virginiawisoky@email.com', '+1 (341) 640-5131', '70832 Jammie Common\nNew Delphine, KY 50854', '0074', '2022-08-18 11:37:41', '2022-08-18 11:37:41'),
(75, 'Athena Williamson', 'athenawilliamson@email.com', '+1 (312) 773-6330', '3031 Armstrong Canyon Apt. 163\nWest Nilsfurt, AK 41940', '0075', '2022-08-18 11:37:41', '2022-08-18 11:37:41'),
(76, 'Lawson Crist', 'lawsoncrist@email.com', '(701) 579-0098', '40977 Christiansen Manor Apt. 027\nBrakuston, NM 10638', '0076', '2022-08-18 11:37:41', '2022-08-18 11:37:41'),
(77, 'Jimmy O\'Keefe IV', 'jimmyo\'keefeiv@email.com', '(325) 267-2653', '484 Stan Lane Suite 524\nSouth Groverhaven, NY 32585', '0077', '2022-08-18 11:37:41', '2022-08-18 11:37:41'),
(78, 'Gina Cronin DVM', 'ginacronindvm@email.com', '(646) 869-7145', '516 Bethel Valley\nThurmanton, LA 80347-6875', '0078', '2022-08-18 11:37:41', '2022-08-18 11:37:41'),
(79, 'Lamont Hoeger IV', 'lamonthoegeriv@email.com', '+15208801677', '369 Danielle Inlet Apt. 992\nNew Ronaldofort, ID 75758', '0079', '2022-08-18 11:37:41', '2022-08-18 11:37:41'),
(80, 'Elnora Cremin V', 'elnoracreminv@email.com', '732-317-5972', '840 Adrien Estates\nCamyllehaven, MD 76025-6887', '0080', '2022-08-18 11:37:41', '2022-08-18 11:37:41'),
(81, 'Alvah Lueilwitz DVM', 'alvahlueilwitzdvm@email.com', '+1.386.672.2731', '978 Kaylie Street Apt. 627\nGeorgianahaven, MD 37106-6640', '0081', '2022-08-18 11:37:41', '2022-08-18 11:37:41'),
(82, 'Gavin Adams', 'gavinadams@email.com', '351-909-0977', '21775 Marvin Divide Apt. 348\nSouth Jazlyn, OK 11307-9976', '0082', '2022-08-18 11:37:41', '2022-08-18 11:37:41'),
(83, 'Prof. Alyson Treutel', 'prof.alysontreutel@email.com', '850-664-9914', '6529 Eldon Stream\nEmmittport, WA 62219', '0083', '2022-08-18 11:37:41', '2022-08-18 11:37:41'),
(84, 'Mariana Ullrich', 'marianaullrich@email.com', '410.246.9857', '4211 Cristobal Lodge Apt. 643\nNorth Heathton, NC 74772', '0084', '2022-08-18 11:37:41', '2022-08-18 11:37:41'),
(85, 'Prof. Delia Frami', 'prof.deliaframi@email.com', '1-346-504-5233', '977 Cara Lock Apt. 176\nSchaeferhaven, MI 29527', '0085', '2022-08-18 11:37:41', '2022-08-18 11:37:41'),
(86, 'Miss Katlynn Crona I', 'misskatlynncronai@email.com', '(802) 565-0079', '1663 Satterfield Run\nSouth Marjorieberg, WA 41734', '0086', '2022-08-18 11:37:41', '2022-08-18 11:37:41'),
(87, 'Orion Schaden', 'orionschaden@email.com', '+1-929-485-0679', '42476 Miller Run Apt. 441\nJaredview, IN 91472', '0087', '2022-08-18 11:37:41', '2022-08-18 11:37:41'),
(88, 'Maurine Lubowitz', 'maurinelubowitz@email.com', '801.367.7623', '60817 Erik Ways\nVicentaborough, MO 32834-4656', '0088', '2022-08-18 11:37:41', '2022-08-18 11:37:41'),
(89, 'Dr. Lolita Schaefer IV', 'dr.lolitaschaeferiv@email.com', '240-306-4394', '66770 Kennedy Curve Suite 719\nWest Cory, AR 51567', '0089', '2022-08-18 11:37:41', '2022-08-18 11:37:41'),
(90, 'Charlene Lindgren', 'charlenelindgren@email.com', '661.431.7155', '466 O\'Connell Curve Suite 292\nNew Antonia, GA 75982-8788', '0090', '2022-08-18 11:37:41', '2022-08-18 11:37:41'),
(91, 'Ms. Ludie Koch IV', 'ms.ludiekochiv@email.com', '443.219.8413', '582 Deckow Station\nO\'Konshire, WA 23186', '0091', '2022-08-18 11:37:41', '2022-08-18 11:37:41'),
(92, 'Thelma Stark', 'thelmastark@email.com', '(713) 912-1535', '219 Julien Pike\nNorth Aylaborough, NJ 99664-4676', '0092', '2022-08-18 11:37:41', '2022-08-18 11:37:41'),
(93, 'Jairo Goyette', 'jairogoyette@email.com', '+16083861119', '586 Ward Avenue Apt. 620\nPort Danielastad, GA 58479', '0093', '2022-08-18 11:37:41', '2022-08-18 11:37:41'),
(94, 'Kacey Sipes', 'kaceysipes@email.com', '225.332.6024', '9700 Smitham Fields Apt. 221\nJermainfurt, ME 67357', '0094', '2022-08-18 11:37:41', '2022-08-18 11:37:41'),
(95, 'Cortney Blick II', 'cortneyblickii@email.com', '+1-520-598-4786', '60032 Alena Overpass Suite 444\nOrnland, NE 71047', '0095', '2022-08-18 11:37:41', '2022-08-18 11:37:41'),
(96, 'Adriana Gerlach', 'adrianagerlach@email.com', '870.375.8386', '537 Schumm Station Apt. 856\nMoenfurt, WI 68786-6271', '0096', '2022-08-18 11:37:41', '2022-08-18 11:37:41'),
(97, 'Prof. Alek Greenholt Jr.', 'prof.alekgreenholtjr.@email.com', '1-843-273-4587', '9223 Douglas Canyon Suite 066\nFritschland, VA 10375-8798', '0097', '2022-08-18 11:37:41', '2022-08-18 11:37:41'),
(98, 'Dell Lindgren', 'delllindgren@email.com', '+1.276.978.0592', '5054 Zola Brooks\nNew Jeramystad, NH 06680', '0098', '2022-08-18 11:37:41', '2022-08-18 11:37:41'),
(99, 'Malinda Corwin', 'malindacorwin@email.com', '+1 (678) 441-6376', '8119 Hamill Turnpike Suite 620\nWardborough, IL 84686', '0099', '2022-08-18 11:37:41', '2022-08-18 11:37:41'),
(100, 'Viva Parker IV', 'vivaparkeriv@email.com', '+1-502-923-6993', '9809 Christopher Plaza Suite 283\nSouth Arvidport, IN 73760', '0100', '2022-08-18 11:37:41', '2022-08-18 11:37:41'),
(101, 'Heath Flatley DVM', 'heathflatleydvm@email.com', '513.898.6318', '834 Beatrice Pass Suite 070\nRudyshire, NH 40979-7980', '0101', '2022-08-18 11:37:41', '2022-08-18 11:37:41'),
(102, 'Constantin Paucek', 'constantinpaucek@email.com', '+12179393878', '557 Lynch Park\nLesterfurt, WI 30064-4837', '0102', '2022-08-18 11:37:41', '2022-08-18 11:37:41'),
(103, 'Jabari Konopelski', 'jabarikonopelski@email.com', '469.447.6149', '4935 Armando Passage Suite 137\nNew Christopher, WV 05078-3658', '0103', '2022-08-18 11:37:41', '2022-08-18 11:37:41'),
(104, 'Monroe Satterfield', 'monroesatterfield@email.com', '+19187642074', '8363 Cassin Neck Suite 589\nDurganstad, CT 97971-6377', '0104', '2022-08-18 11:37:41', '2022-08-18 11:37:41'),
(105, 'Hillard Schmeler', 'hillardschmeler@email.com', '1-209-234-5828', '484 Marie Lodge\nLake Georgetown, WA 99650-7081', '0105', '2022-08-18 11:37:41', '2022-08-18 11:37:41'),
(106, 'Tiana Bauch III', 'tianabauchiii@email.com', '+19304083569', '7683 Garfield Lake\nWest Aurore, MN 98811-3350', '0106', '2022-08-18 11:37:41', '2022-08-18 11:37:41'),
(107, 'Dion Heathcote', 'dionheathcote@email.com', '1-847-728-5858', '938 Emard Grove Suite 306\nNorth Camila, MI 04821', '0107', '2022-08-18 11:37:41', '2022-08-18 11:37:41'),
(108, 'Nicklaus Kerluke I', 'nicklauskerlukei@email.com', '+1.757.886.3883', '697 Rodriguez Trail Suite 094\nTurcotteside, VT 21003', '0108', '2022-08-18 11:37:41', '2022-08-18 11:37:41'),
(109, 'Percy Graham', 'percygraham@email.com', '626-682-6158', '107 Madisyn Village\nPort Rileyton, CA 74358', '0109', '2022-08-18 11:37:41', '2022-08-18 11:37:41'),
(110, 'Kelsie Kub PhD', 'kelsiekubphd@email.com', '830-652-8164', '85140 Jacobi Trafficway Apt. 186\nPort Ceasarstad, IA 05253-2556', '0110', '2022-08-18 11:37:41', '2022-08-18 11:37:41'),
(111, 'Horace Dietrich', 'horacedietrich@email.com', '(616) 612-6716', '2664 Isaiah Rue\nPort Jaronfurt, TX 02308-3250', '0111', '2022-08-18 11:37:41', '2022-08-18 11:37:41'),
(112, 'Dr. Marilie Braun DDS', 'dr.mariliebraundds@email.com', '+1.303.464.0555', '805 Jennifer Knolls Suite 755\nKayaland, VA 91528-7367', '0112', '2022-08-18 11:37:41', '2022-08-18 11:37:41'),
(113, 'Heloise Larkin', 'heloiselarkin@email.com', '+1.682.210.1997', '978 Gerlach Station\nNorth Yvonne, RI 92558', '0113', '2022-08-18 11:37:41', '2022-08-18 11:37:41'),
(114, 'Edgardo Stark', 'edgardostark@email.com', '+1 (940) 481-1585', '95588 Mayert Garden Apt. 652\nWest Devante, RI 99670-1562', '0114', '2022-08-18 11:37:41', '2022-08-18 11:37:41'),
(115, 'Ahmad Hagenes', 'ahmadhagenes@email.com', '1-283-845-6513', '59735 Eliane Orchard\nBartontown, IN 15176-4983', '0115', '2022-08-18 11:37:41', '2022-08-18 11:37:41'),
(116, 'Prof. Easton DuBuque V', 'prof.eastondubuquev@email.com', '(415) 401-8540', '16558 Kaelyn Valleys Apt. 472\nPort Manleystad, OH 34762-8324', '0116', '2022-08-18 11:37:41', '2022-08-18 11:37:41'),
(117, 'Mr. Nash Rippin Jr.', 'mr.nashrippinjr.@email.com', '520-232-0659', '3709 Rosie Ways\nNew Guidoberg, AK 36257-8987', '0117', '2022-08-18 11:37:41', '2022-08-18 11:37:41'),
(118, 'Prof. Magdalena Leuschke II', 'prof.magdalenaleuschkeii@email.com', '+1.318.973.7920', '335 Marielle Motorway Apt. 526\nPort Sheridanmouth, NH 22943', '0118', '2022-08-18 11:37:41', '2022-08-18 11:37:41'),
(119, 'Jazmyn Fahey', 'jazmynfahey@email.com', '475.460.8292', '2514 Cummerata Corner Suite 201\nPort Maryamview, DE 67769', '0119', '2022-08-18 11:37:41', '2022-08-18 11:37:41'),
(120, 'Ricardo Runolfsson', 'ricardorunolfsson@email.com', '1-435-854-4322', '63099 Joseph Garden\nCollierchester, DE 18691', '0120', '2022-08-18 11:37:41', '2022-08-18 11:37:41'),
(121, 'Connie Bins', 'conniebins@email.com', '1-857-843-1313', '292 Zackary Trafficway\nEast Roma, NH 38284-3600', '0121', '2022-08-18 11:37:41', '2022-08-18 11:37:41'),
(122, 'Miller Jacobson', 'millerjacobson@email.com', '979.414.4078', '159 Devante Junctions\nNorrisside, UT 83838-1012', '0122', '2022-08-18 11:37:41', '2022-08-18 11:37:41'),
(123, 'Meda Roob', 'medaroob@email.com', '856-601-7387', '88407 Laurel Ports\nWalkerside, SC 52225', '0123', '2022-08-18 11:37:41', '2022-08-18 11:37:41'),
(124, 'Gino Wisozk', 'ginowisozk@email.com', '1-364-391-0922', '514 Marilie Walks\nTorpshire, DE 56771-0431', '0124', '2022-08-18 11:37:41', '2022-08-18 11:37:41'),
(125, 'Prof. Rollin Quitzon', 'prof.rollinquitzon@email.com', '+18187406360', '5437 Stephany Mission\nPort Alysonmouth, MN 76554', '0125', '2022-08-18 11:37:41', '2022-08-18 11:37:41'),
(126, 'Javon Kohler', 'javonkohler@email.com', '602-787-4461', '597 Rosina Port\nEast Osvaldoton, CO 06399', '0126', '2022-08-18 11:37:41', '2022-08-18 11:37:41'),
(127, 'Mr. Theron Kilback DDS', 'mr.theronkilbackdds@email.com', '904-413-9962', '7098 Delia Lights Suite 052\nWest Samantahaven, CO 41929-0575', '0127', '2022-08-18 11:37:41', '2022-08-18 11:37:41'),
(128, 'Anastasia Mertz', 'anastasiamertz@email.com', '+1-657-716-4138', '5906 Hodkiewicz Spur\nMcKenzieside, VA 48290-1798', '0128', '2022-08-18 11:37:41', '2022-08-18 11:37:41'),
(129, 'Mr. Christ Orn PhD', 'mr.christornphd@email.com', '980-627-2060', '932 Lehner Ford Apt. 631\nAleenbury, SC 98069', '0129', '2022-08-18 11:37:41', '2022-08-18 11:37:41'),
(130, 'Alec Prosacco', 'alecprosacco@email.com', '(678) 414-6157', '892 Khalid Summit Apt. 635\nPort Helena, NE 75849-0224', '0130', '2022-08-18 11:37:41', '2022-08-18 11:37:41'),
(131, 'Mrs. Marietta Torphy', 'mrs.mariettatorphy@email.com', '+1-689-805-8048', '75673 Stevie Plains\nDavisburgh, VT 88392-1759', '0131', '2022-08-18 11:37:41', '2022-08-18 11:37:41'),
(132, 'Mrs. Margie Schamberger V', 'mrs.margieschambergerv@email.com', '+13028761879', '302 Kessler Walks\nEast Nikolasbury, AL 14356-9045', '0132', '2022-08-18 11:37:41', '2022-08-18 11:37:41'),
(133, 'Maya Pouros', 'mayapouros@email.com', '1-617-221-4441', '5690 Zieme Lock\nEast Marilou, IL 39907-7037', '0133', '2022-08-18 11:37:41', '2022-08-18 11:37:41'),
(134, 'Fiona Anderson', 'fionaanderson@email.com', '+1-253-678-6417', '841 Jenkins Summit Suite 017\nPort Cordellville, CT 41554-2385', '0134', '2022-08-18 11:37:41', '2022-08-18 11:37:41'),
(135, 'Christa Harvey', 'christaharvey@email.com', '(657) 201-4336', '545 Dino Brook\nThielburgh, DE 26235-9054', '0135', '2022-08-18 11:37:41', '2022-08-18 11:37:41'),
(136, 'Miss Nola Schneider I', 'missnolaschneideri@email.com', '+1-316-265-0308', '5773 Howell Lock\nEmardmouth, MA 37706-8896', '0136', '2022-08-18 11:37:41', '2022-08-18 11:37:41'),
(137, 'Prof. Francesco Greenholt', 'prof.francescogreenholt@email.com', '539-239-5042', '5529 D\'angelo Pike Suite 750\nNorth Minerva, WI 24298', '0137', '2022-08-18 11:37:41', '2022-08-18 11:37:41'),
(138, 'Mr. Mac Reichert DVM', 'mr.macreichertdvm@email.com', '985.790.6733', '6406 Wuckert Locks Suite 921\nTremblayshire, MO 65216-5935', '0138', '2022-08-18 11:37:41', '2022-08-18 11:37:41'),
(139, 'Mabel Stoltenberg', 'mabelstoltenberg@email.com', '(279) 209-3191', '64303 Opal Pike\nWest Louisafurt, MA 20337', '0139', '2022-08-18 11:37:41', '2022-08-18 11:37:41'),
(140, 'Leanna Wuckert DDS', 'leannawuckertdds@email.com', '430-262-4508', '52367 Nolan Throughway Apt. 399\nLake Blair, IA 95996-6250', '0140', '2022-08-18 11:37:41', '2022-08-18 11:37:41'),
(141, 'Alene Gaylord', 'alenegaylord@email.com', '361.432.9273', '744 Olaf Springs Suite 353\nRaymondville, TX 93317-6779', '0141', '2022-08-18 11:37:41', '2022-08-18 11:37:41'),
(142, 'Prof. Garnet Gulgowski', 'prof.garnetgulgowski@email.com', '(360) 253-7757', '23552 Kuphal Ports\nLangworthport, TX 09716-9009', '0142', '2022-08-18 11:37:41', '2022-08-18 11:37:41'),
(143, 'Jeffry Veum I', 'jeffryveumi@email.com', '1-681-475-1923', '742 Rene Road\nBergeton, CO 03993-2344', '0143', '2022-08-18 11:37:41', '2022-08-18 11:37:41'),
(144, 'Brannon Rutherford', 'brannonrutherford@email.com', '1-480-220-3175', '12272 Cartwright Oval\nEichmannfurt, DE 12108-6998', '0144', '2022-08-18 11:37:41', '2022-08-18 11:37:41'),
(145, 'Marge Watsica', 'margewatsica@email.com', '(347) 985-8858', '9172 Rigoberto Tunnel Suite 465\nJanethaven, MO 43085', '0145', '2022-08-18 11:37:41', '2022-08-18 11:37:41'),
(146, 'Kayla Watsica IV', 'kaylawatsicaiv@email.com', '205.413.0092', '72647 Nikolaus Dam\nLake Alexandrea, OK 06882', '0146', '2022-08-18 11:37:41', '2022-08-18 11:37:41'),
(147, 'Carolanne Kutch', 'carolannekutch@email.com', '562.212.2564', '827 Daniel Terrace\nNew Dandrefort, MD 87083', '0147', '2022-08-18 11:37:41', '2022-08-18 11:37:41'),
(148, 'Jayson Kessler', 'jaysonkessler@email.com', '+1-276-325-1154', '805 Towne Mills Apt. 829\nSwiftchester, NJ 16868', '0148', '2022-08-18 11:37:41', '2022-08-18 11:37:41'),
(149, 'Jennie Keebler', 'jenniekeebler@email.com', '302.571.5122', '407 Sincere Squares\nLeslieberg, AK 55097-0640', '0149', '2022-08-18 11:37:41', '2022-08-18 11:37:41'),
(150, 'Carlotta Corkery', 'carlottacorkery@email.com', '+1-364-853-6465', '23817 Willms Rue Apt. 356\nSouth Ambrose, IN 81577-4836', '0150', '2022-08-18 11:37:41', '2022-08-18 11:37:41'),
(151, 'Richmond Brown MD', 'richmondbrownmd@email.com', '903.677.8114', '1960 Kessler Union\nJevonview, NY 08246', '0151', '2022-08-18 11:37:41', '2022-08-18 11:37:41'),
(152, 'Prof. Jarod Morissette', 'prof.jarodmorissette@email.com', '+1.430.707.0894', '4135 Roxanne Roads\nJohnstonstad, ID 60265', '0152', '2022-08-18 11:37:41', '2022-08-18 11:37:41'),
(153, 'Ottilie Davis', 'ottiliedavis@email.com', '+1-484-853-8733', '113 Marianne Causeway\nLaurenbury, AR 45718-2758', '0153', '2022-08-18 11:37:41', '2022-08-18 11:37:41'),
(154, 'Jacinto Lehner', 'jacintolehner@email.com', '+1-316-531-1718', '4509 Kian Parkways Apt. 516\nAntoniamouth, WA 34956-8339', '0154', '2022-08-18 11:37:41', '2022-08-18 11:37:41'),
(155, 'Deborah Schaefer', 'deborahschaefer@email.com', '301-699-5172', '9002 Priscilla Via Suite 292\nJoanamouth, CA 75409', '0155', '2022-08-18 11:37:41', '2022-08-18 11:37:41'),
(156, 'Dereck Kuphal', 'dereckkuphal@email.com', '651-872-4274', '7478 Schmeler Ways Apt. 498\nPort Devonteport, AL 44815-4318', '0156', '2022-08-18 11:37:41', '2022-08-18 11:37:41'),
(157, 'Josue Price', 'josueprice@email.com', '240.655.2458', '6051 Tomasa Isle Suite 528\nLake Shyann, AZ 04057', '0157', '2022-08-18 11:37:41', '2022-08-18 11:37:41'),
(158, 'Miss Annamae Blanda V', 'missannamaeblandav@email.com', '+1-757-425-4655', '4196 Rosenbaum Cliffs\nArnaldotown, MO 42714-9873', '0158', '2022-08-18 11:37:41', '2022-08-18 11:37:41'),
(159, 'Prof. Stephon Kling Sr.', 'prof.stephonklingsr.@email.com', '806-906-8973', '8880 Gulgowski Ville Suite 040\nLake Noreneville, AK 37846', '0159', '2022-08-18 11:37:41', '2022-08-18 11:37:41'),
(160, 'Dr. Missouri Bins II', 'dr.missouribinsii@email.com', '(432) 973-5346', '9989 Murphy Course\nLake Malcolmport, NC 90264-9781', '0160', '2022-08-18 11:37:41', '2022-08-18 11:37:41'),
(161, 'Jessika King', 'jessikaking@email.com', '+17542677169', '77308 Mills Dale Suite 510\nWest Demarioville, IN 81667-1532', '0161', '2022-08-18 11:37:41', '2022-08-18 11:37:41'),
(162, 'Mrs. Cora Lakin', 'mrs.coralakin@email.com', '1-785-337-4906', '1982 Bayer Villages\nWilmafurt, AK 49858-6781', '0162', '2022-08-18 11:37:41', '2022-08-18 11:37:41'),
(163, 'Dr. Guido Feest MD', 'dr.guidofeestmd@email.com', '(530) 482-8984', '175 Judge Mountains\nWest Rodolfoport, KY 21012', '0163', '2022-08-18 11:37:41', '2022-08-18 11:37:41'),
(164, 'Ashton Lakin PhD', 'ashtonlakinphd@email.com', '215-384-7192', '423 O\'Reilly Throughway\nWest Teresa, PA 98479-4112', '0164', '2022-08-18 11:37:41', '2022-08-18 11:37:41'),
(165, 'Miss Pascale Maggio', 'misspascalemaggio@email.com', '1-703-785-8398', '1074 Raynor Stream\nLandenburgh, ID 11526', '0165', '2022-08-18 11:37:41', '2022-08-18 11:37:41'),
(166, 'Mr. Elmore Douglas', 'mr.elmoredouglas@email.com', '856-215-7137', '861 Benny Shoals\nWilfredoburgh, AL 59165', '0166', '2022-08-18 11:37:41', '2022-08-18 11:37:41'),
(167, 'Ezra Hegmann III', 'ezrahegmanniii@email.com', '1-848-781-4212', '10543 Lebsack Points Apt. 887\nEloyfurt, CT 08251', '0167', '2022-08-18 11:37:41', '2022-08-18 11:37:41'),
(168, 'Jason Mohr', 'jasonmohr@email.com', '(843) 983-9632', '69912 Ethan Island\nZulaufberg, AK 90346', '0168', '2022-08-18 11:37:41', '2022-08-18 11:37:41'),
(169, 'Sylvan Kilback', 'sylvankilback@email.com', '+1 (425) 310-0262', '859 Carmela Hills\nEast Dougstad, GA 23932-4645', '0169', '2022-08-18 11:37:41', '2022-08-18 11:37:41'),
(170, 'Josefa Fahey', 'josefafahey@email.com', '1-820-210-4237', '397 Terrell Skyway\nGleasonhaven, IN 24846', '0170', '2022-08-18 11:37:41', '2022-08-18 11:37:41'),
(171, 'Leilani Marks', 'leilanimarks@email.com', '+1 (986) 341-5929', '7012 Schuppe Haven\nMcCulloughport, HI 41841', '0171', '2022-08-18 11:37:41', '2022-08-18 11:37:41'),
(172, 'Terrell Rodriguez', 'terrellrodriguez@email.com', '341-608-3919', '162 Padberg Falls Apt. 545\nJayneborough, UT 97776-6958', '0172', '2022-08-18 11:37:41', '2022-08-18 11:37:41'),
(173, 'Frederik Grady', 'frederikgrady@email.com', '+1-731-806-3147', '253 Stark Station Apt. 010\nWest Noeliafort, VA 88252', '0173', '2022-08-18 11:37:41', '2022-08-18 11:37:41'),
(174, 'Litzy Kiehn', 'litzykiehn@email.com', '820.927.7489', '3069 Chaya Land Apt. 085\nEast Diamondborough, MT 73225-7686', '0174', '2022-08-18 11:37:41', '2022-08-18 11:37:41'),
(175, 'Major Bergnaum', 'majorbergnaum@email.com', '501-768-3118', '812 DuBuque Views Apt. 160\nNew Joanny, NM 71068-2213', '0175', '2022-08-18 11:37:41', '2022-08-18 11:37:41'),
(176, 'Linnea Stokes', 'linneastokes@email.com', '+1.737.685.2393', '426 Conroy Forges\nHyattburgh, AZ 35800', '0176', '2022-08-18 11:37:41', '2022-08-18 11:37:41'),
(177, 'Ellsworth Lockman V', 'ellsworthlockmanv@email.com', '+1-442-657-5340', '9146 Torp Plains Suite 927\nBrakusburgh, NJ 72884-0763', '0177', '2022-08-18 11:37:41', '2022-08-18 11:37:41'),
(178, 'Mrs. Esmeralda Murray Jr.', 'mrs.esmeraldamurrayjr.@email.com', '(847) 830-1549', '1860 Hamill Hill Apt. 360\nClemmiemouth, KY 25624', '0178', '2022-08-18 11:37:41', '2022-08-18 11:37:41'),
(179, 'Rosamond Zulauf', 'rosamondzulauf@email.com', '(574) 435-2717', '1634 Ondricka Shore\nMetzberg, WY 96405-2598', '0179', '2022-08-18 11:37:41', '2022-08-18 11:37:41'),
(180, 'Johann Heller', 'johannheller@email.com', '1-351-866-4073', '526 Renner Street\nSouth Amber, IA 25205', '0180', '2022-08-18 11:37:41', '2022-08-18 11:37:41'),
(181, 'Lenna Mayer', 'lennamayer@email.com', '(458) 639-8325', '457 Kelli Track\nStromanburgh, WA 47672-1689', '0181', '2022-08-18 11:37:41', '2022-08-18 11:37:41'),
(182, 'Violet Feeney', 'violetfeeney@email.com', '530.973.2314', '3857 Lesch Fork Suite 712\nWest Lyda, NH 24372-9113', '0182', '2022-08-18 11:37:41', '2022-08-18 11:37:41'),
(183, 'Mustafa Von III', 'mustafavoniii@email.com', '1-210-925-0347', '8719 Patricia Station\nNew Christopher, FL 34351-0999', '0183', '2022-08-18 11:37:41', '2022-08-18 11:37:41'),
(184, 'Adrien Barrows', 'adrienbarrows@email.com', '570.731.0619', '8602 Aiyana Lake Apt. 430\nSwaniawskifurt, UT 24921', '0184', '2022-08-18 11:37:41', '2022-08-18 11:37:41'),
(185, 'Dr. Dell Bauch', 'dr.dellbauch@email.com', '(380) 301-4838', '978 Chesley Forges\nSouth Weldon, WI 36112', '0185', '2022-08-18 11:37:41', '2022-08-18 11:37:41'),
(186, 'Nils Will', 'nilswill@email.com', '1-484-394-0287', '29304 Zboncak Meadows Apt. 586\nLake Tyrell, MS 57222-3229', '0186', '2022-08-18 11:37:41', '2022-08-18 11:37:41'),
(187, 'Dorthy Zemlak', 'dorthyzemlak@email.com', '(775) 588-2627', '6288 Miller Road\nNew Flavieville, AL 37209-8584', '0187', '2022-08-18 11:37:41', '2022-08-18 11:37:41'),
(188, 'Devonte Marquardt', 'devontemarquardt@email.com', '934.749.7872', '243 Tremblay Walks Apt. 112\nWebershire, CO 09691', '0188', '2022-08-18 11:37:41', '2022-08-18 11:37:41'),
(189, 'Mr. Wilbert Thiel Sr.', 'mr.wilbertthielsr.@email.com', '715.712.3823', '9596 Laurine Island\nSouth Bernieceview, CA 19501-5026', '0189', '2022-08-18 11:37:41', '2022-08-18 11:37:41'),
(190, 'Ms. Eva White II', 'ms.evawhiteii@email.com', '475.886.8982', '876 Grant Plaza Suite 322\nHarberstad, MS 25112', '0190', '2022-08-18 11:37:41', '2022-08-18 11:37:41'),
(191, 'Concepcion Breitenberg', 'concepcionbreitenberg@email.com', '1-805-555-8751', '4495 Maiya Crest Suite 019\nNew Claudebury, WV 11822-9938', '0191', '2022-08-18 11:37:41', '2022-08-18 11:37:41'),
(192, 'Sylvia Gibson I', 'sylviagibsoni@email.com', '(210) 520-8110', '9929 Abbie Plaza\nTorpbury, ID 59321-7156', '0192', '2022-08-18 11:37:41', '2022-08-18 11:37:41'),
(193, 'Theo Turcotte', 'theoturcotte@email.com', '703.604.1404', '5595 Effertz Summit\nHandville, ND 19203', '0193', '2022-08-18 11:37:41', '2022-08-18 11:37:41'),
(194, 'Zakary Bailey', 'zakarybailey@email.com', '717.306.4489', '358 Kreiger Overpass Apt. 580\nSouth Shanel, DE 68757', '0194', '2022-08-18 11:37:41', '2022-08-18 11:37:41'),
(195, 'Jaiden Reinger MD', 'jaidenreingermd@email.com', '504-249-3460', '52045 Howard Locks\nEast Germaineborough, OH 74390-2997', '0195', '2022-08-18 11:37:41', '2022-08-18 11:37:41'),
(196, 'Carole Hamill', 'carolehamill@email.com', '+14176643464', '50587 Raphaelle Mission\nNew Harrison, NC 73938-7651', '0196', '2022-08-18 11:37:41', '2022-08-18 11:37:41'),
(197, 'Dr. Patience Romaguera Sr.', 'dr.patienceromaguerasr.@email.com', '1-781-649-6908', '6137 Johnston Pike Suite 166\nBoganmouth, MD 89948-9778', '0197', '2022-08-18 11:37:41', '2022-08-18 11:37:41'),
(198, 'Zoie Kuhic', 'zoiekuhic@email.com', '240-939-2776', '2314 Fermin Burg\nChristiansenton, CA 19464', '0198', '2022-08-18 11:37:41', '2022-08-18 11:37:41'),
(199, 'Mrs. Michele Hammes', 'mrs.michelehammes@email.com', '1-276-906-5710', '40074 King Court\nGerlachstad, CA 43781-9890', '0199', '2022-08-18 11:37:41', '2022-08-18 11:37:41'),
(200, 'Mose Johns', 'mosejohns@email.com', '434.872.9866', '375 Bertrand Land\nAlfredofort, MD 71521-2660', '0200', '2022-08-18 11:37:41', '2022-08-18 11:37:41'),
(201, 'Burnice Kihn', 'burnicekihn@email.com', '+1 (463) 615-5765', '514 Ima Shores\nAnaisview, PA 82277', '0201', '2022-08-18 11:37:41', '2022-08-18 11:37:41'),
(202, 'Camron Wolf', 'camronwolf@email.com', '+1 (854) 439-7496', '90040 Sanford Turnpike\nJakubowskifurt, ID 28273', '0202', '2022-08-18 11:37:41', '2022-08-18 11:37:41'),
(203, 'Mertie Kuhic', 'mertiekuhic@email.com', '1-248-234-2815', '6531 Raegan Landing Suite 458\nWest Bereniceville, KS 85391-4564', '0203', '2022-08-18 11:37:41', '2022-08-18 11:37:41'),
(204, 'Doyle Bahringer', 'doylebahringer@email.com', '620.668.7622', '75871 Erling Junction Suite 116\nNew Nasir, GA 43247', '0204', '2022-08-18 11:37:41', '2022-08-18 11:37:41'),
(205, 'Kelly Streich', 'kellystreich@email.com', '+1-341-799-5106', '51683 Adams Isle Suite 801\nNorth Destinee, NY 76212-1386', '0205', '2022-08-18 11:37:41', '2022-08-18 11:37:41'),
(206, 'Freida Durgan', 'freidadurgan@email.com', '820-462-5187', '96310 Mann Burg Suite 544\nReaganburgh, UT 17085-4273', '0206', '2022-08-18 11:37:41', '2022-08-18 11:37:41'),
(207, 'Ibrahim Purdy', 'ibrahimpurdy@email.com', '1-925-585-2129', '98163 Amy Plains Suite 497\nHirtheton, CO 25158-5913', '0207', '2022-08-18 11:37:41', '2022-08-18 11:37:41'),
(208, 'Linnea Fisher', 'linneafisher@email.com', '+1-913-669-7680', '9376 Berge Drive\nNew Santos, NE 15548', '0208', '2022-08-18 11:37:41', '2022-08-18 11:37:41'),
(209, 'Frank Ferry', 'frankferry@email.com', '703.220.8982', '1252 Jamaal Loaf Apt. 030\nWardhaven, AZ 33666', '0209', '2022-08-18 11:37:41', '2022-08-18 11:37:41'),
(210, 'Damian Witting', 'damianwitting@email.com', '+1-717-415-5815', '6114 Delphia Club Apt. 820\nNorth Israelburgh, AR 66354-4514', '0210', '2022-08-18 11:37:41', '2022-08-18 11:37:41'),
(211, 'Willa Lebsack', 'willalebsack@email.com', '801-963-5294', '81574 Daniel Squares Apt. 565\nEast Courtney, KY 68032-7222', '0211', '2022-08-18 11:37:41', '2022-08-18 11:37:41'),
(212, 'Edd Muller', 'eddmuller@email.com', '(575) 955-3268', '61958 Kaylin Dam\nKrisshire, MI 68122-1902', '0212', '2022-08-18 11:37:41', '2022-08-18 11:37:41'),
(213, 'Niko Willms', 'nikowillms@email.com', '+13207994894', '842 Carmel Gateway\nEast Luciemouth, AL 22794', '0213', '2022-08-18 11:37:41', '2022-08-18 11:37:41'),
(214, 'Dennis Schmidt', 'dennisschmidt@email.com', '979-800-9870', '541 Maureen Camp\nEast Leanne, IL 02128-4220', '0214', '2022-08-18 11:37:41', '2022-08-18 11:37:41'),
(215, 'Mrs. Micaela Haag MD', 'mrs.micaelahaagmd@email.com', '713-894-2186', '20084 Kaley Roads Suite 890\nNew Rosina, DE 33945', '0215', '2022-08-18 11:37:41', '2022-08-18 11:37:41'),
(216, 'Joanny Grimes DDS', 'joannygrimesdds@email.com', '620.340.6619', '753 Eleonore Burg\nBernhardmouth, WV 56742-2495', '0216', '2022-08-18 11:37:41', '2022-08-18 11:37:41'),
(217, 'Katlyn Wiegand', 'katlynwiegand@email.com', '+1-262-243-3121', '52462 Eva Lake Apt. 210\nZechariahmouth, NM 43099-8792', '0217', '2022-08-18 11:37:41', '2022-08-18 11:37:41'),
(218, 'Miss Keely Huels', 'misskeelyhuels@email.com', '407.303.6135', '7866 Raina Mission\nWest Veronica, WI 54219', '0218', '2022-08-18 11:37:41', '2022-08-18 11:37:41'),
(219, 'Mallie Powlowski', 'malliepowlowski@email.com', '(986) 366-4231', '98070 Corkery Wall Suite 011\nPort Gissellefort, ND 22029-0068', '0219', '2022-08-18 11:37:41', '2022-08-18 11:37:41'),
(220, 'Jaleel Mosciski', 'jaleelmosciski@email.com', '458.633.7493', '23029 Reed Ferry Suite 528\nWeissnatstad, NJ 51179-3329', '0220', '2022-08-18 11:37:41', '2022-08-18 11:37:41'),
(221, 'Lindsay Weimann', 'lindsayweimann@email.com', '+1-412-974-7196', '81037 Batz Meadow\nSouth Terrillberg, OR 25643-9158', '0221', '2022-08-18 11:37:41', '2022-08-18 11:37:41'),
(222, 'Hope Raynor', 'hoperaynor@email.com', '689.283.0327', '7489 Kuhlman Ports Suite 459\nLake Ruben, CT 15513', '0222', '2022-08-18 11:37:41', '2022-08-18 11:37:41'),
(223, 'Edmund Eichmann', 'edmundeichmann@email.com', '(724) 881-0874', '964 Skiles Mountain Suite 767\nSouth Brooke, IL 44529-9006', '0223', '2022-08-18 11:37:41', '2022-08-18 11:37:41'),
(224, 'Rashawn Walker II', 'rashawnwalkerii@email.com', '(909) 802-1395', '719 Abdiel Views Apt. 667\nBerniceville, ND 67176-7577', '0224', '2022-08-18 11:37:41', '2022-08-18 11:37:41'),
(225, 'Filiberto Altenwerth', 'filibertoaltenwerth@email.com', '562.902.3388', '188 Schmeler Motorway\nPort Aubreeside, TN 74426', '0225', '2022-08-18 11:37:41', '2022-08-18 11:37:41'),
(226, 'Prof. Delaney Jacobson Sr.', 'prof.delaneyjacobsonsr.@email.com', '+1.681.498.9279', '25432 London Lane Suite 462\nSouth Leann, LA 27238-7425', '0226', '2022-08-18 11:37:41', '2022-08-18 11:37:41'),
(227, 'Dorian Bernhard IV', 'dorianbernhardiv@email.com', '+1 (678) 296-8130', '2955 Lang Islands\nNew Nigel, TX 98618-0715', '0227', '2022-08-18 11:37:41', '2022-08-18 11:37:41'),
(228, 'Josefina Tromp', 'josefinatromp@email.com', '360.708.6814', '54045 Zulauf Wells Suite 644\nWardburgh, MI 86548', '0228', '2022-08-18 11:37:41', '2022-08-18 11:37:41'),
(229, 'Baron Rowe', 'baronrowe@email.com', '+1-727-517-6573', '66818 Konopelski Mission Apt. 494\nWest Billie, VT 97785', '0229', '2022-08-18 11:37:41', '2022-08-18 11:37:41'),
(230, 'Jared Hill', 'jaredhill@email.com', '1-346-674-4423', '43733 Runolfsson Manor\nOthamouth, NM 25405', '0230', '2022-08-18 11:37:41', '2022-08-18 11:37:41'),
(231, 'Camden Muller', 'camdenmuller@email.com', '458-822-5677', '93525 Alek Forges Suite 308\nNew Stephaniaberg, MT 94473', '0231', '2022-08-18 11:37:41', '2022-08-18 11:37:41'),
(232, 'Elroy Hill', 'elroyhill@email.com', '+15592586131', '55578 Champlin Vista Suite 845\nWest Eleonore, IL 13896-9747', '0232', '2022-08-18 11:37:41', '2022-08-18 11:37:41'),
(233, 'Ms. Kara Kuphal IV', 'ms.karakuphaliv@email.com', '+1-737-592-4884', '2969 Bartell Station Apt. 280\nBayerbury, SD 87187', '0233', '2022-08-18 11:37:41', '2022-08-18 11:37:41'),
(234, 'Tess Hand I', 'tesshandi@email.com', '712.360.2533', '8387 Hamill Trail Apt. 403\nMurraymouth, WY 41355-7242', '0234', '2022-08-18 11:37:41', '2022-08-18 11:37:41'),
(235, 'Dina Schmeler Jr.', 'dinaschmelerjr.@email.com', '251.737.2952', '461 Alexis Club\nLangworthbury, NH 44058-3945', '0235', '2022-08-18 11:37:41', '2022-08-18 11:37:41'),
(236, 'Ms. Ashley Luettgen', 'ms.ashleyluettgen@email.com', '808.313.5999', '7493 Madilyn Views Suite 740\nWest Seamusfort, PA 94453', '0236', '2022-08-18 11:37:41', '2022-08-18 11:37:41'),
(237, 'Prof. Allene Stehr', 'prof.allenestehr@email.com', '(425) 333-8401', '92103 Jerde Plaza\nEast Brettchester, NE 31188-2121', '0237', '2022-08-18 11:37:41', '2022-08-18 11:37:41'),
(238, 'Prof. Chris Bernier', 'prof.chrisbernier@email.com', '785.555.5699', '6535 Josefina Falls\nMertieton, DE 04023', '0238', '2022-08-18 11:37:41', '2022-08-18 11:37:41'),
(239, 'Mona Goldner MD', 'monagoldnermd@email.com', '+12189014583', '490 Homenick Loaf\nWolfmouth, CO 55082', '0239', '2022-08-18 11:37:41', '2022-08-18 11:37:41'),
(240, 'Mrs. Maya Denesik PhD', 'mrs.mayadenesikphd@email.com', '+1-678-380-0302', '648 Cloyd Estate Apt. 554\nMarleneshire, OR 76091', '0240', '2022-08-18 11:37:41', '2022-08-18 11:37:41'),
(241, 'Roy Kassulke', 'roykassulke@email.com', '+1.516.377.9080', '991 Cartwright Extension Suite 231\nMcDermottberg, KY 82749-2010', '0241', '2022-08-18 11:37:41', '2022-08-18 11:37:41'),
(242, 'Bessie DuBuque I', 'bessiedubuquei@email.com', '559-350-1717', '713 Hilpert Glens\nWest Ismaelmouth, ID 71740', '0242', '2022-08-18 11:37:41', '2022-08-18 11:37:41'),
(243, 'Vince Kreiger', 'vincekreiger@email.com', '+1-646-609-6776', '136 Alana Island Apt. 009\nOlaville, SD 32611-3034', '0243', '2022-08-18 11:37:41', '2022-08-18 11:37:41'),
(244, 'Lilly Steuber', 'lillysteuber@email.com', '+17165612643', '3276 Bernhard Lakes Suite 185\nMagdalenmouth, AZ 55964-4570', '0244', '2022-08-18 11:37:41', '2022-08-18 11:37:41'),
(245, 'Damon Runolfsdottir', 'damonrunolfsdottir@email.com', '(401) 248-5294', '67331 Eunice Ford Suite 794\nSamsonton, HI 74951', '0245', '2022-08-18 11:37:41', '2022-08-18 11:37:41'),
(246, 'Dr. Judy Littel III', 'dr.judylitteliii@email.com', '321.994.9612', '653 Lehner Mountain Apt. 725\nHaagshire, ME 01565-3221', '0246', '2022-08-18 11:37:41', '2022-08-18 11:37:41'),
(247, 'Adriana Shanahan III', 'adrianashanahaniii@email.com', '+1.845.459.1077', '8078 Reagan Ranch\nNew Eulafort, PA 65658-6250', '0247', '2022-08-18 11:37:41', '2022-08-18 11:37:41'),
(248, 'Llewellyn Abbott', 'llewellynabbott@email.com', '1-716-874-3830', '63996 West Summit\nPort Geraldineland, MT 56794', '0248', '2022-08-18 11:37:41', '2022-08-18 11:37:41'),
(249, 'Shanna Eichmann', 'shannaeichmann@email.com', '804.999.5624', '28982 Weissnat Ridge\nReingerberg, OH 58802-6325', '0249', '2022-08-18 11:37:41', '2022-08-18 11:37:41'),
(250, 'Elias Kilback III', 'eliaskilbackiii@email.com', '1-743-326-0285', '365 Karley Ford Apt. 502\nJamarcuschester, SD 22983-5548', '0250', '2022-08-18 11:37:41', '2022-08-18 11:37:41'),
(251, 'Mr. Lloyd Batz I', 'mr.lloydbatzi@email.com', '1-708-748-9234', '9637 Demarco Gateway Apt. 303\nNorth Ezekielmouth, ND 86670', '0251', '2022-08-18 11:37:41', '2022-08-18 11:37:41'),
(252, 'Dr. Favian Morar', 'dr.favianmorar@email.com', '+1-361-774-9485', '384 Leuschke Pine\nDuBuquetown, SC 92897', '0252', '2022-08-18 11:37:41', '2022-08-18 11:37:41'),
(253, 'Prof. Bo West', 'prof.bowest@email.com', '430.440.4923', '784 Katlyn Ford\nBoscotown, ME 67330-0153', '0253', '2022-08-18 11:37:41', '2022-08-18 11:37:41'),
(254, 'Kiarra Blanda', 'kiarrablanda@email.com', '256.853.9697', '98339 Boyer Manors\nAdamshaven, ID 01952-1639', '0254', '2022-08-18 11:37:41', '2022-08-18 11:37:41'),
(255, 'May Renner', 'mayrenner@email.com', '+1.938.638.5989', '5224 Cordell Flat\nMarquiseport, NV 61747-7913', '0255', '2022-08-18 11:37:41', '2022-08-18 11:37:41'),
(256, 'Etha Hills', 'ethahills@email.com', '(878) 981-9727', '293 Loyce Ferry\nPort Emie, GA 85355-6907', '0256', '2022-08-18 11:37:41', '2022-08-18 11:37:41'),
(257, 'Lucie Ziemann', 'lucieziemann@email.com', '(801) 884-5029', '1807 Schaden Bypass\nHowellfurt, MI 95898-6653', '0257', '2022-08-18 11:37:41', '2022-08-18 11:37:41'),
(258, 'Lavina Kihn', 'lavinakihn@email.com', '731-945-3150', '293 Windler Lights Suite 096\nHankmouth, CA 08841', '0258', '2022-08-18 11:37:41', '2022-08-18 11:37:41'),
(259, 'Dr. Orland Rosenbaum DVM', 'dr.orlandrosenbaumdvm@email.com', '909.641.7740', '840 Dan Garden\nEast Jared, CA 17084-1928', '0259', '2022-08-18 11:37:41', '2022-08-18 11:37:41'),
(260, 'Mr. Dejuan Labadie', 'mr.dejuanlabadie@email.com', '+1-848-889-1748', '907 Batz Squares Suite 860\nWest Charlotte, SC 41282-2839', '0260', '2022-08-18 11:37:41', '2022-08-18 11:37:41'),
(261, 'Dillan Goldner', 'dillangoldner@email.com', '(283) 660-7309', '3347 Gavin Flats Suite 633\nWest Gennaro, NJ 87952', '0261', '2022-08-18 11:37:41', '2022-08-18 11:37:41'),
(262, 'Mrs. Dianna Torphy IV', 'mrs.diannatorphyiv@email.com', '361-751-9191', '64211 Frederik Station\nBlandachester, SD 11713-7399', '0262', '2022-08-18 11:37:41', '2022-08-18 11:37:41'),
(263, 'Madelyn Haag', 'madelynhaag@email.com', '(206) 667-5640', '810 Eulalia Court Apt. 015\nGladysmouth, KS 80082-1316', '0263', '2022-08-18 11:37:41', '2022-08-18 11:37:41'),
(264, 'Adan Corkery', 'adancorkery@email.com', '347.221.5641', '89629 Ruecker Dale\nDonnellymouth, WY 55376-7457', '0264', '2022-08-18 11:37:41', '2022-08-18 11:37:41'),
(265, 'Mr. Deshawn Kuphal', 'mr.deshawnkuphal@email.com', '+13416072125', '19496 Adella Wall\nBoscoview, IL 00170-6776', '0265', '2022-08-18 11:37:41', '2022-08-18 11:37:41'),
(266, 'Vicente Hickle III', 'vicentehickleiii@email.com', '1-650-955-9916', '6416 O\'Kon Via Suite 824\nEast Dwight, NJ 13595', '0266', '2022-08-18 11:37:41', '2022-08-18 11:37:41'),
(267, 'Vincent Gerlach', 'vincentgerlach@email.com', '+1-435-362-0974', '28333 Mateo Curve\nBrendanchester, PA 22836', '0267', '2022-08-18 11:37:41', '2022-08-18 11:37:41'),
(268, 'Ana Johns', 'anajohns@email.com', '+1.417.329.3553', '42463 Ardella Rapids Suite 808\nSouth Cordia, AL 56105', '0268', '2022-08-18 11:37:41', '2022-08-18 11:37:41'),
(269, 'Chaim Jakubowski', 'chaimjakubowski@email.com', '(615) 684-4605', '808 Runolfsdottir Common Apt. 919\nTurcotteport, ND 19950', '0269', '2022-08-18 11:37:41', '2022-08-18 11:37:41'),
(270, 'Eliseo Schaefer', 'eliseoschaefer@email.com', '+13029881318', '93380 Bins Forks Apt. 724\nBoganborough, RI 39355', '0270', '2022-08-18 11:37:41', '2022-08-18 11:37:41'),
(271, 'Montana Lowe', 'montanalowe@email.com', '+1.724.980.7197', '158 Reilly Way Apt. 151\nNorth Gabrielfort, MA 09865-7949', '0271', '2022-08-18 11:37:41', '2022-08-18 11:37:41'),
(272, 'Mrs. Katheryn Bogisich', 'mrs.katherynbogisich@email.com', '+1-762-326-8324', '3431 Reva Haven Suite 061\nJennieport, KS 53306', '0272', '2022-08-18 11:37:41', '2022-08-18 11:37:41'),
(273, 'Dr. Chase Mills MD', 'dr.chasemillsmd@email.com', '+1.347.594.4979', '942 Will Manors\nChynaberg, WY 08063-7807', '0273', '2022-08-18 11:37:41', '2022-08-18 11:37:41'),
(274, 'Mr. Khalil Bernhard', 'mr.khalilbernhard@email.com', '541.609.7947', '7255 Hudson Prairie Suite 877\nShanahanborough, CA 20041-1684', '0274', '2022-08-18 11:37:41', '2022-08-18 11:37:41'),
(275, 'Lambert Hagenes', 'lamberthagenes@email.com', '+1.414.875.5777', '734 Hintz Plains\nLake Abbigailborough, WY 25937', '0275', '2022-08-18 11:37:41', '2022-08-18 11:37:41'),
(276, 'Ilene Dietrich', 'ilenedietrich@email.com', '1-319-493-2421', '395 Magali Village Suite 686\nNew Breanneview, MS 91110', '0276', '2022-08-18 11:37:41', '2022-08-18 11:37:41'),
(277, 'Alexys West', 'alexyswest@email.com', '757-705-9832', '506 Fanny Square Apt. 495\nSantinoborough, LA 96406', '0277', '2022-08-18 11:37:41', '2022-08-18 11:37:41'),
(278, 'Prof. Timmy Yost', 'prof.timmyyost@email.com', '(956) 653-9574', '831 Muhammad Alley\nLake Rodrick, NY 08402', '0278', '2022-08-18 11:37:41', '2022-08-18 11:37:41'),
(279, 'Bridgette Wisozk', 'bridgettewisozk@email.com', '804.795.3272', '971 Nathan Square\nEast Santiagoberg, OK 64541', '0279', '2022-08-18 11:37:41', '2022-08-18 11:37:41'),
(280, 'Dr. Barbara Ondricka', 'dr.barbaraondricka@email.com', '+1.334.588.3391', '7552 Fadel Pine\nPort Noble, AK 62447', '0280', '2022-08-18 11:37:41', '2022-08-18 11:37:41'),
(281, 'Prof. Reymundo Donnelly', 'prof.reymundodonnelly@email.com', '1-717-510-5435', '1570 Fritsch Place\nNew Zoieland, ID 08755-1356', '0281', '2022-08-18 11:37:41', '2022-08-18 11:37:41');
INSERT INTO `clients` (`id`, `name`, `email`, `phone`, `address`, `cedula`, `created_at`, `updated_at`) VALUES
(282, 'Deja Spencer PhD', 'dejaspencerphd@email.com', '(469) 856-3954', '486 Wiza Throughway\nLehnertown, WA 67884-9384', '0282', '2022-08-18 11:37:41', '2022-08-18 11:37:41'),
(283, 'Juliana Fadel', 'julianafadel@email.com', '+1-619-655-2607', '75858 Wolf Key\nLake Myriam, VA 50026', '0283', '2022-08-18 11:37:41', '2022-08-18 11:37:41'),
(284, 'Jameson Konopelski', 'jamesonkonopelski@email.com', '+1-743-845-7203', '34100 Shyann Camp\nBlickstad, IN 12884', '0284', '2022-08-18 11:37:41', '2022-08-18 11:37:41'),
(285, 'Alexane Gleichner', 'alexanegleichner@email.com', '(773) 998-2904', '5439 Schuster Coves\nMooreborough, CO 47930-6206', '0285', '2022-08-18 11:37:41', '2022-08-18 11:37:41'),
(286, 'Mr. Sigmund Goyette', 'mr.sigmundgoyette@email.com', '(469) 682-4689', '731 Preston Turnpike\nSatterfieldborough, UT 25916', '0286', '2022-08-18 11:37:41', '2022-08-18 11:37:41'),
(287, 'Maximillian Blick', 'maximillianblick@email.com', '+1 (385) 937-1449', '6702 Derek Drive Apt. 680\nSouth Vernertown, SD 80906', '0287', '2022-08-18 11:37:41', '2022-08-18 11:37:41'),
(288, 'Annabell Kub', 'annabellkub@email.com', '725-224-3894', '8438 Sabrina Crossing\nPourosberg, DE 48592-6945', '0288', '2022-08-18 11:37:41', '2022-08-18 11:37:41'),
(289, 'Josiah Greenholt', 'josiahgreenholt@email.com', '973.641.7008', '358 Reinger Ports\nHerbertborough, PA 71724', '0289', '2022-08-18 11:37:41', '2022-08-18 11:37:41'),
(290, 'Alford Schiller', 'alfordschiller@email.com', '+1-386-420-1606', '70509 West Pines Suite 851\nAnkundingview, NY 67345', '0290', '2022-08-18 11:37:41', '2022-08-18 11:37:41'),
(291, 'Cynthia Heller DDS', 'cynthiahellerdds@email.com', '726-439-5448', '9316 Hilario Radial Apt. 957\nLynchburgh, AR 84736-9299', '0291', '2022-08-18 11:37:41', '2022-08-18 11:37:41'),
(292, 'Opal Crist', 'opalcrist@email.com', '+14848169958', '773 Asa Freeway Apt. 058\nWest Grahamfurt, NM 93852', '0292', '2022-08-18 11:37:41', '2022-08-18 11:37:41'),
(293, 'Cathrine Wuckert II', 'cathrinewuckertii@email.com', '1-351-554-3729', '878 Ethelyn Stravenue\nWest Ethel, DE 17120-0868', '0293', '2022-08-18 11:37:41', '2022-08-18 11:37:41'),
(294, 'Prof. Rosendo Rath I', 'prof.rosendorathi@email.com', '380-805-1517', '27359 Lind Course Suite 851\nLizziebury, CA 53065', '0294', '2022-08-18 11:37:41', '2022-08-18 11:37:41'),
(295, 'Dr. Marjorie Hegmann I', 'dr.marjoriehegmanni@email.com', '252.988.5281', '653 Gerhold Junction\nSouth Loyalshire, AR 52308-8607', '0295', '2022-08-18 11:37:41', '2022-08-18 11:37:41'),
(296, 'Dane Kuvalis', 'danekuvalis@email.com', '+1-630-572-8590', '225 Windler Ridge\nJuliochester, ME 08815-2408', '0296', '2022-08-18 11:37:41', '2022-08-18 11:37:41'),
(297, 'Howard Toy DVM', 'howardtoydvm@email.com', '+1 (629) 728-9828', '3314 Rhianna Camp Apt. 928\nSouth Elianeland, MS 84162-8944', '0297', '2022-08-18 11:37:41', '2022-08-18 11:37:41'),
(298, 'Benedict White', 'benedictwhite@email.com', '603.878.1670', '5507 Darron River\nNew Wilson, ND 61717-7295', '0298', '2022-08-18 11:37:41', '2022-08-18 11:37:41'),
(299, 'Prof. Maia Von', 'prof.maiavon@email.com', '(706) 330-0194', '721 Mikayla Lock Apt. 946\nEast Chad, GA 07512-3009', '0299', '2022-08-18 11:37:41', '2022-08-18 11:37:41'),
(300, 'Ralph Kessler', 'ralphkessler@email.com', '1-812-222-3820', '8696 Mara Shore\nSonyaberg, IN 36796', '0300', '2022-08-18 11:37:41', '2022-08-18 11:37:41'),
(301, 'Mariane Wisozk', 'marianewisozk@email.com', '+1 (636) 348-3582', '80586 Ebert Road\nWeberland, NC 52842', '0301', '2022-08-18 11:37:41', '2022-08-18 11:37:41'),
(302, 'Margarete Hodkiewicz', 'margaretehodkiewicz@email.com', '+1-321-497-6642', '52249 Norma Ridge\nCeliabury, WI 71364', '0302', '2022-08-18 11:37:41', '2022-08-18 11:37:41'),
(303, 'Nichole Schumm', 'nicholeschumm@email.com', '+1-747-554-9516', '54110 Cade Stravenue Apt. 697\nLeuschkehaven, LA 99681-0809', '0303', '2022-08-18 11:37:41', '2022-08-18 11:37:41'),
(304, 'Mr. Hugh Mertz', 'mr.hughmertz@email.com', '283-955-1925', '58475 Huels Junction Apt. 063\nPagacview, AR 24970', '0304', '2022-08-18 11:37:41', '2022-08-18 11:37:41'),
(305, 'Larissa Jacobi', 'larissajacobi@email.com', '(725) 951-5941', '9059 Victoria Glens\nLake Osborne, WA 40212-9054', '0305', '2022-08-18 11:37:41', '2022-08-18 11:37:41'),
(306, 'Jude Bayer', 'judebayer@email.com', '(727) 842-5404', '549 Luciano Green\nZacharystad, KY 69913-5674', '0306', '2022-08-18 11:37:41', '2022-08-18 11:37:41'),
(307, 'Hugh Von', 'hughvon@email.com', '+1-716-829-2723', '4139 Wuckert Oval Apt. 300\nBinschester, HI 52369', '0307', '2022-08-18 11:37:41', '2022-08-18 11:37:41'),
(308, 'Stephen Satterfield', 'stephensatterfield@email.com', '(405) 902-6608', '63306 Zane Centers Suite 286\nAlexbury, IN 26050-9337', '0308', '2022-08-18 11:37:41', '2022-08-18 11:37:41'),
(309, 'Stuart Wolff', 'stuartwolff@email.com', '641.251.9665', '66825 Khalil Views Suite 745\nOswaldstad, AZ 68844-7550', '0309', '2022-08-18 11:37:41', '2022-08-18 11:37:41'),
(310, 'Prof. Natalia Kertzmann III', 'prof.nataliakertzmanniii@email.com', '(251) 960-5261', '40161 Anderson Squares\nLisaland, VT 11811', '0310', '2022-08-18 11:37:41', '2022-08-18 11:37:41'),
(311, 'Ms. Vita Kuhlman DDS', 'ms.vitakuhlmandds@email.com', '608.717.6691', '923 Simonis Union Suite 761\nEast Rosemaryhaven, RI 32426-7263', '0311', '2022-08-18 11:37:41', '2022-08-18 11:37:41'),
(312, 'Dr. Susana Hirthe III', 'dr.susanahirtheiii@email.com', '+1 (719) 397-0194', '619 Vito Unions Apt. 689\nHamillmouth, NE 01304-3721', '0312', '2022-08-18 11:37:41', '2022-08-18 11:37:41'),
(313, 'Glennie Leannon', 'glennieleannon@email.com', '+16079496505', '2274 Kristoffer Ridge Apt. 869\nLake Janyville, MI 64946', '0313', '2022-08-18 11:37:41', '2022-08-18 11:37:41'),
(314, 'Prof. Rashad Wiegand I', 'prof.rashadwiegandi@email.com', '+1.602.252.9713', '987 Jenkins Point\nEast Alvis, SC 02158', '0314', '2022-08-18 11:37:41', '2022-08-18 11:37:41'),
(315, 'Hiram Wehner PhD', 'hiramwehnerphd@email.com', '1-770-564-9153', '47428 Greenholt Locks Apt. 585\nNew Kelley, VA 07898-4209', '0315', '2022-08-18 11:37:41', '2022-08-18 11:37:41'),
(316, 'Prof. Hyman Jones', 'prof.hymanjones@email.com', '1-801-705-9015', '275 Jacobs Land Suite 784\nEast Hulda, AL 84776-8908', '0316', '2022-08-18 11:37:41', '2022-08-18 11:37:41'),
(317, 'Bessie O\'Keefe', 'bessieo\'keefe@email.com', '+12258723105', '5135 Jessica Mount Suite 367\nOsbornemouth, KY 47223', '0317', '2022-08-18 11:37:41', '2022-08-18 11:37:41'),
(318, 'Malinda Dooley', 'malindadooley@email.com', '+1-505-440-2813', '149 Larry Shoals\nJohnsonstad, ND 42245-4449', '0318', '2022-08-18 11:37:41', '2022-08-18 11:37:41'),
(319, 'Prof. Marie McClure', 'prof.mariemcclure@email.com', '(870) 808-1341', '81052 Kautzer Light\nAdellaville, AZ 67039', '0319', '2022-08-18 11:37:41', '2022-08-18 11:37:41'),
(320, 'Otto Thompson', 'ottothompson@email.com', '484.369.8288', '187 Tony Cove Suite 573\nLake Annamaeside, RI 11770', '0320', '2022-08-18 11:37:41', '2022-08-18 11:37:41'),
(321, 'Dr. Laverna Lind Sr.', 'dr.lavernalindsr.@email.com', '928-306-2299', '1174 Larue Union Apt. 597\nEast Frankie, NY 08997', '0321', '2022-08-18 11:37:41', '2022-08-18 11:37:41'),
(322, 'Carole Jacobi', 'carolejacobi@email.com', '706.969.7101', '9684 Eli Stravenue Suite 842\nAshleeshire, WA 40558', '0322', '2022-08-18 11:37:41', '2022-08-18 11:37:41'),
(323, 'Belle Luettgen', 'belleluettgen@email.com', '1-828-993-0814', '478 Kub Bypass Apt. 935\nPort Damon, TX 05528', '0323', '2022-08-18 11:37:41', '2022-08-18 11:37:41'),
(324, 'Dr. Santos O\'Conner', 'dr.santoso\'conner@email.com', '(828) 275-0437', '37510 Jaren Crescent Suite 077\nHaleyport, PA 12963-3528', '0324', '2022-08-18 11:37:41', '2022-08-18 11:37:41'),
(325, 'Armand O\'Connell', 'armando\'connell@email.com', '+1-321-329-1599', '6842 Olson Crest\nLake Treverfort, ME 43568-4444', '0325', '2022-08-18 11:37:41', '2022-08-18 11:37:41'),
(326, 'Prof. Irving Ondricka MD', 'prof.irvingondrickamd@email.com', '559.876.2126', '2460 Edgar Roads Apt. 528\nJohnathanhaven, MN 12030', '0326', '2022-08-18 11:37:41', '2022-08-18 11:37:41'),
(327, 'Mr. Hershel Doyle I', 'mr.hersheldoylei@email.com', '(971) 476-5448', '916 Davis Rue Suite 151\nJefferyborough, UT 75553-1797', '0327', '2022-08-18 11:37:41', '2022-08-18 11:37:41'),
(328, 'Eileen Weber', 'eileenweber@email.com', '1-636-590-5146', '2087 Vesta Light Apt. 996\nNickmouth, NJ 44270-3808', '0328', '2022-08-18 11:37:41', '2022-08-18 11:37:41'),
(329, 'Miss Hanna Goyette', 'misshannagoyette@email.com', '912-890-7702', '198 Mueller Courts\nNew Luellamouth, NV 28174', '0329', '2022-08-18 11:37:41', '2022-08-18 11:37:41'),
(330, 'Zakary Davis', 'zakarydavis@email.com', '1-331-575-8090', '659 Dante Light\nLake Tomasa, UT 47147', '0330', '2022-08-18 11:37:41', '2022-08-18 11:37:41'),
(331, 'Prof. River Gleason', 'prof.rivergleason@email.com', '(850) 763-7518', '4306 Mante Court\nBatzfort, OH 27923', '0331', '2022-08-18 11:37:41', '2022-08-18 11:37:41'),
(332, 'Alexandrine Kassulke', 'alexandrinekassulke@email.com', '1-972-497-8541', '74964 O\'Conner Mills\nEast Lurlinetown, WY 00918-6274', '0332', '2022-08-18 11:37:41', '2022-08-18 11:37:41'),
(333, 'Fabian Abshire', 'fabianabshire@email.com', '1-615-983-2097', '11052 Hansen Streets Apt. 806\nLueilwitzfort, AZ 28249-7845', '0333', '2022-08-18 11:37:41', '2022-08-18 11:37:41'),
(334, 'Maeve Pacocha', 'maevepacocha@email.com', '678.448.0536', '7534 Kayley Mission Apt. 534\nWest Murrayhaven, KY 79332', '0334', '2022-08-18 11:37:41', '2022-08-18 11:37:41'),
(335, 'Delaney Lueilwitz', 'delaneylueilwitz@email.com', '1-612-742-1417', '808 Borer Meadows\nVioletside, AZ 27068', '0335', '2022-08-18 11:37:41', '2022-08-18 11:37:41'),
(336, 'Isaiah Keeling', 'isaiahkeeling@email.com', '+14235580618', '10923 Eric Curve\nRutherfordville, CT 42598', '0336', '2022-08-18 11:37:41', '2022-08-18 11:37:41'),
(337, 'Minnie Abshire', 'minnieabshire@email.com', '+1 (458) 429-5167', '51527 Erick Drive\nWest Gust, WY 89194-7526', '0337', '2022-08-18 11:37:41', '2022-08-18 11:37:41'),
(338, 'Prof. Adelle Walker I', 'prof.adellewalkeri@email.com', '727.324.5805', '930 Bo Throughway Suite 449\nNorth Missourichester, NM 90665', '0338', '2022-08-18 11:37:41', '2022-08-18 11:37:41'),
(339, 'Carson Kuhlman', 'carsonkuhlman@email.com', '(762) 297-9433', '3037 Magnus Skyway Suite 363\nHoegerchester, FL 43651', '0339', '2022-08-18 11:37:41', '2022-08-18 11:37:41'),
(340, 'Jay Trantow', 'jaytrantow@email.com', '+1-360-480-1634', '38391 Swift Heights Apt. 629\nNorth Piperbury, VT 35944-1491', '0340', '2022-08-18 11:37:41', '2022-08-18 11:37:41'),
(341, 'Gudrun Gulgowski', 'gudrungulgowski@email.com', '445-564-8872', '1785 Jermain Hollow\nLake Maude, PA 65258-8989', '0341', '2022-08-18 11:37:41', '2022-08-18 11:37:41'),
(342, 'Alex Heathcote', 'alexheathcote@email.com', '+1.820.602.6654', '40654 Koepp Flats Suite 953\nNew Kavonchester, AK 21411-4911', '0342', '2022-08-18 11:37:41', '2022-08-18 11:37:41'),
(343, 'Mr. Donnie Auer', 'mr.donnieauer@email.com', '1-803-580-9297', '349 Little Plaza\nBreannetown, AZ 65356', '0343', '2022-08-18 11:37:41', '2022-08-18 11:37:41'),
(344, 'Chance Pacocha', 'chancepacocha@email.com', '678.615.7796', '835 Hattie Green Suite 334\nMarjorieburgh, NV 32324', '0344', '2022-08-18 11:37:41', '2022-08-18 11:37:41'),
(345, 'Dax Heller', 'daxheller@email.com', '845.493.2753', '21633 Wyman Divide\nWest Emileshire, OK 14297', '0345', '2022-08-18 11:37:41', '2022-08-18 11:37:41'),
(346, 'Miss Name Terry', 'missnameterry@email.com', '+1-305-290-2014', '814 Herzog Tunnel Apt. 744\nHayeston, NY 42668-4170', '0346', '2022-08-18 11:37:41', '2022-08-18 11:37:41'),
(347, 'Tyrel Hackett', 'tyrelhackett@email.com', '+1 (570) 790-7695', '5038 Collier Hollow\nCortneybury, ID 78662-6184', '0347', '2022-08-18 11:37:41', '2022-08-18 11:37:41'),
(348, 'Janessa Renner', 'janessarenner@email.com', '(385) 564-7033', '63442 Kyla Union Apt. 738\nLarkinchester, CA 00916', '0348', '2022-08-18 11:37:41', '2022-08-18 11:37:41'),
(349, 'Mr. Hermann Ortiz', 'mr.hermannortiz@email.com', '463.416.3436', '347 Schulist Circles\nIsabellemouth, FL 05179', '0349', '2022-08-18 11:37:41', '2022-08-18 11:37:41'),
(350, 'Libby Maggio V', 'libbymaggiov@email.com', '(608) 987-0067', '203 Tanner Island\nCorwinshire, IN 23441-3373', '0350', '2022-08-18 11:37:41', '2022-08-18 11:37:41'),
(351, 'Prof. Loyal Conroy V', 'prof.loyalconroyv@email.com', '847-457-5550', '46548 Jayce Bypass Suite 163\nLake Rosaleehaven, IA 40933', '0351', '2022-08-18 11:37:41', '2022-08-18 11:37:41'),
(352, 'Dejuan Hansen', 'dejuanhansen@email.com', '231.909.2804', '728 Mozelle River Suite 019\nKilbackview, ID 13182', '0352', '2022-08-18 11:37:41', '2022-08-18 11:37:41'),
(353, 'Walter Hamill', 'walterhamill@email.com', '708-761-8388', '41404 Yvette Parkway Apt. 769\nNew Royal, DC 06915-1563', '0353', '2022-08-18 11:37:41', '2022-08-18 11:37:41'),
(354, 'Princess Stroman', 'princessstroman@email.com', '424.395.6213', '811 Kreiger Parkway Suite 750\nLake Curtismouth, GA 35893', '0354', '2022-08-18 11:37:41', '2022-08-18 11:37:41'),
(355, 'Margarette O\'Kon V', 'margaretteo\'konv@email.com', '570.962.2430', '6677 Madilyn Knoll Apt. 590\nSouth Cooper, TN 85617-9418', '0355', '2022-08-18 11:37:41', '2022-08-18 11:37:41'),
(356, 'Maxine Bergnaum', 'maxinebergnaum@email.com', '+12237529693', '74648 Kuhlman Street Apt. 661\nNorth Xzavier, ID 64347', '0356', '2022-08-18 11:37:41', '2022-08-18 11:37:41'),
(357, 'Prof. Barton Brown V', 'prof.bartonbrownv@email.com', '+1-320-487-4102', '705 Lemke Unions Apt. 069\nNew Damiantown, AL 77252', '0357', '2022-08-18 11:37:41', '2022-08-18 11:37:41'),
(358, 'Heaven Weimann', 'heavenweimann@email.com', '219-619-7704', '5800 Ritchie Square\nSouth Isabelle, TX 28362', '0358', '2022-08-18 11:37:41', '2022-08-18 11:37:41'),
(359, 'Tyrique Stamm', 'tyriquestamm@email.com', '385.566.9727', '760 Friesen Plain\nMurphymouth, CA 82175-2927', '0359', '2022-08-18 11:37:41', '2022-08-18 11:37:41'),
(360, 'Morgan Glover I', 'morgangloveri@email.com', '1-681-809-0672', '44462 Kertzmann Island Apt. 149\nGustberg, NJ 12775', '0360', '2022-08-18 11:37:41', '2022-08-18 11:37:41'),
(361, 'Remington Sawayn', 'remingtonsawayn@email.com', '+1.520.292.7931', '817 Lacy Branch Suite 105\nLangoshville, OR 01565', '0361', '2022-08-18 11:37:41', '2022-08-18 11:37:41'),
(362, 'Sandrine Prosacco PhD', 'sandrineprosaccophd@email.com', '305-209-2252', '5733 Wiley Landing\nLake Erickaborough, WA 50500', '0362', '2022-08-18 11:37:41', '2022-08-18 11:37:41'),
(363, 'Beulah Durgan PhD', 'beulahdurganphd@email.com', '479-963-7225', '789 Catherine Roads Apt. 376\nRosemaryborough, OH 36839', '0363', '2022-08-18 11:37:41', '2022-08-18 11:37:41'),
(364, 'Zaria Kuhlman', 'zariakuhlman@email.com', '1-430-837-3318', '50112 Amari Lake Suite 171\nWest Catalinaland, GA 30541', '0364', '2022-08-18 11:37:41', '2022-08-18 11:37:41'),
(365, 'Daryl Kuhn', 'darylkuhn@email.com', '+1.276.676.0868', '6872 Trey Heights\nSouth Saulmouth, DE 86270', '0365', '2022-08-18 11:37:41', '2022-08-18 11:37:41'),
(366, 'Kellen Ratke', 'kellenratke@email.com', '(341) 535-0733', '6978 Mraz Green Suite 758\nBergnaumport, UT 56437', '0366', '2022-08-18 11:37:41', '2022-08-18 11:37:41'),
(367, 'Dr. Griffin Veum', 'dr.griffinveum@email.com', '440.750.5150', '3161 Senger Orchard\nMargarettemouth, CT 44750', '0367', '2022-08-18 11:37:41', '2022-08-18 11:37:41'),
(368, 'Everette Marks', 'everettemarks@email.com', '+1 (501) 492-2959', '6461 Jakob Valley\nNew Birdiestad, GA 76276', '0368', '2022-08-18 11:37:41', '2022-08-18 11:37:41'),
(369, 'Bobbie Douglas', 'bobbiedouglas@email.com', '+1-267-830-3403', '160 Imogene Road Suite 242\nClareport, NC 55473-2677', '0369', '2022-08-18 11:37:41', '2022-08-18 11:37:41'),
(370, 'Art Huel III', 'arthueliii@email.com', '+1-831-538-7186', '8802 Arnulfo Motorway Apt. 224\nKiehnfurt, AZ 86957-7080', '0370', '2022-08-18 11:37:41', '2022-08-18 11:37:41'),
(371, 'Verna Reinger III', 'vernareingeriii@email.com', '(781) 580-1136', '6914 Olson Ways\nJaynebury, MD 50676-4204', '0371', '2022-08-18 11:37:41', '2022-08-18 11:37:41'),
(372, 'Loren Haag', 'lorenhaag@email.com', '+1-424-422-5028', '4666 Jaunita Neck\nErikaborough, MI 62329', '0372', '2022-08-18 11:37:41', '2022-08-18 11:37:41'),
(373, 'Sedrick Leffler', 'sedrickleffler@email.com', '(402) 588-7768', '97595 Shanahan Road Apt. 400\nEast Bernhardville, HI 79237-0209', '0373', '2022-08-18 11:37:41', '2022-08-18 11:37:41'),
(374, 'Adalberto McCullough', 'adalbertomccullough@email.com', '+1 (520) 318-6194', '5632 Elvera Union\nKutchtown, CT 83501-3571', '0374', '2022-08-18 11:37:41', '2022-08-18 11:37:41'),
(375, 'Kaitlyn Russel', 'kaitlynrussel@email.com', '+1.586.696.6497', '6310 Cummings Pike\nZiemannbury, AZ 88859', '0375', '2022-08-18 11:37:41', '2022-08-18 11:37:41'),
(376, 'Mrs. Haylee Blanda', 'mrs.hayleeblanda@email.com', '405.216.3262', '8678 Smitham Avenue Apt. 626\nWilsonview, AL 32044-2751', '0376', '2022-08-18 11:37:41', '2022-08-18 11:37:41'),
(377, 'Kieran Aufderhar I', 'kieranaufderhari@email.com', '276.680.3089', '835 Jenkins Falls\nSavanahtown, LA 22054', '0377', '2022-08-18 11:37:41', '2022-08-18 11:37:41'),
(378, 'Miss Janae Kshlerin', 'missjanaekshlerin@email.com', '1-279-362-1592', '6018 Jannie Isle\nNew Brianne, MT 61951-3261', '0378', '2022-08-18 11:37:41', '2022-08-18 11:37:41'),
(379, 'Barry Hahn', 'barryhahn@email.com', '1-330-563-8873', '97232 Hessel Inlet Suite 918\nSchmelerhaven, NY 52255', '0379', '2022-08-18 11:37:41', '2022-08-18 11:37:41'),
(380, 'Robbie Kshlerin', 'robbiekshlerin@email.com', '+1.267.270.9242', '9148 Tierra Meadow Apt. 777\nChristiansenton, NY 29597', '0380', '2022-08-18 11:37:41', '2022-08-18 11:37:41'),
(381, 'Molly Walker Jr.', 'mollywalkerjr.@email.com', '+1 (828) 519-4875', '6238 Selina Loaf Suite 593\nPort Stellafurt, CA 05977-3415', '0381', '2022-08-18 11:37:41', '2022-08-18 11:37:41'),
(382, 'Antone Emard PhD', 'antoneemardphd@email.com', '1-662-418-9390', '3422 Trent Streets Apt. 052\nLittleview, NY 22563-0640', '0382', '2022-08-18 11:37:41', '2022-08-18 11:37:41'),
(383, 'Terrence Watsica', 'terrencewatsica@email.com', '561.202.8597', '8410 Johann Fords Suite 944\nPort Darrick, ME 41965-9171', '0383', '2022-08-18 11:37:41', '2022-08-18 11:37:41'),
(384, 'Reva Fisher', 'revafisher@email.com', '872.200.5540', '892 Denesik Valley\nLake Romahaven, VT 35979', '0384', '2022-08-18 11:37:41', '2022-08-18 11:37:41'),
(385, 'Salma Donnelly', 'salmadonnelly@email.com', '+1-469-985-2502', '321 Keeling Dale Apt. 610\nOdelltown, MI 38934', '0385', '2022-08-18 11:37:41', '2022-08-18 11:37:41'),
(386, 'Mr. Vito Ebert II', 'mr.vitoebertii@email.com', '+1.385.712.3766', '746 Salvatore Ranch Suite 756\nEast Fritzstad, MO 00292', '0386', '2022-08-18 11:37:41', '2022-08-18 11:37:41'),
(387, 'Sister Lowe', 'sisterlowe@email.com', '+1-251-720-3981', '129 Mackenzie Knolls Apt. 698\nNorth Lesley, MN 70371-4896', '0387', '2022-08-18 11:37:41', '2022-08-18 11:37:41'),
(388, 'Marvin Kohler', 'marvinkohler@email.com', '(769) 888-3384', '425 Alia Light Apt. 781\nAngelitafort, IA 53837', '0388', '2022-08-18 11:37:41', '2022-08-18 11:37:41'),
(389, 'Janelle Corwin Jr.', 'janellecorwinjr.@email.com', '(702) 765-0463', '5493 Adams Parkways\nSouth Reginaldborough, MA 67732-5863', '0389', '2022-08-18 11:37:41', '2022-08-18 11:37:41'),
(390, 'Prof. Ewell Torphy IV', 'prof.ewelltorphyiv@email.com', '586.703.0746', '7510 Nathanael Well\nWillyborough, DE 89037', '0390', '2022-08-18 11:37:41', '2022-08-18 11:37:41'),
(391, 'Marge Spencer', 'margespencer@email.com', '510-604-6081', '585 Schneider Mountain Apt. 051\nLake Aniyah, NE 08894', '0391', '2022-08-18 11:37:41', '2022-08-18 11:37:41'),
(392, 'Carmel Huel', 'carmelhuel@email.com', '208.849.2821', '7122 Ariel Lodge\nRunolfsdottirton, MD 25721-4202', '0392', '2022-08-18 11:37:41', '2022-08-18 11:37:41'),
(393, 'Sonya Kovacek', 'sonyakovacek@email.com', '+1-725-726-4083', '177 Ryan Pine Apt. 358\nMrazville, MI 19331-1844', '0393', '2022-08-18 11:37:41', '2022-08-18 11:37:41'),
(394, 'Napoleon Jenkins', 'napoleonjenkins@email.com', '1-906-540-9936', '67184 Kris Lodge Suite 948\nSouth Kellie, NE 93170-9470', '0394', '2022-08-18 11:37:41', '2022-08-18 11:37:41'),
(395, 'Christiana Flatley', 'christianaflatley@email.com', '1-574-286-1604', '779 Mohr Villages Suite 218\nEast Dejuanburgh, MN 36231', '0395', '2022-08-18 11:37:41', '2022-08-18 11:37:41'),
(396, 'Marina Wolf', 'marinawolf@email.com', '541-492-0221', '295 Bartoletti Glen Apt. 666\nHarveyport, TX 32599', '0396', '2022-08-18 11:37:41', '2022-08-18 11:37:41'),
(397, 'Malika Shanahan', 'malikashanahan@email.com', '314-743-6270', '82769 Connelly Trail Apt. 009\nGibsonville, NV 85955', '0397', '2022-08-18 11:37:41', '2022-08-18 11:37:41'),
(398, 'Mr. Junior Bauch', 'mr.juniorbauch@email.com', '1-478-334-2348', '97938 Swift Station\nRaphaelshire, IN 87193', '0398', '2022-08-18 11:37:41', '2022-08-18 11:37:41'),
(399, 'Markus Dach', 'markusdach@email.com', '629.970.6824', '83103 Ruecker Spurs\nPort Kianaview, MA 78549-4874', '0399', '2022-08-18 11:37:41', '2022-08-18 11:37:41'),
(400, 'Uriah Bode', 'uriahbode@email.com', '1-351-347-4510', '2881 Hauck Valley\nCletamouth, NE 96834', '0400', '2022-08-18 11:37:41', '2022-08-18 11:37:41'),
(401, 'Gunner Abbott PhD', 'gunnerabbottphd@email.com', '+1-602-319-1010', '57966 Estelle Wells Suite 698\nSpinkaberg, NH 21221-1508', '0401', '2022-08-18 11:37:41', '2022-08-18 11:37:41'),
(402, 'Prof. Judge Nader Sr.', 'prof.judgenadersr.@email.com', '+13474101717', '270 Koby Parkways Suite 714\nGrimesstad, VT 62975-7635', '0402', '2022-08-18 11:37:41', '2022-08-18 11:37:41'),
(403, 'Benjamin Jacobson', 'benjaminjacobson@email.com', '(832) 659-7345', '40979 Rowe Canyon\nJaceyburgh, AR 60885-6794', '0403', '2022-08-18 11:37:41', '2022-08-18 11:37:41'),
(404, 'Betsy Harvey', 'betsyharvey@email.com', '+18319482001', '699 Amely Shores\nEast Montefort, NE 02070-6118', '0404', '2022-08-18 11:37:41', '2022-08-18 11:37:41'),
(405, 'Alaina Goyette', 'alainagoyette@email.com', '1-929-663-4133', '63992 Esteban Creek\nMelynaborough, SC 61502', '0405', '2022-08-18 11:37:41', '2022-08-18 11:37:41'),
(406, 'Curtis Thompson', 'curtisthompson@email.com', '+1-870-273-4667', '9076 Hilma Burgs Apt. 514\nAimeefort, TX 35201', '0406', '2022-08-18 11:37:41', '2022-08-18 11:37:41'),
(407, 'Ms. Lavinia Hackett DDS', 'ms.laviniahackettdds@email.com', '+1-612-931-9030', '14417 Smith Loaf Apt. 934\nSouth Arjunview, OK 77106-6315', '0407', '2022-08-18 11:37:41', '2022-08-18 11:37:41'),
(408, 'Dr. Nolan Okuneva', 'dr.nolanokuneva@email.com', '+1 (567) 565-6030', '43196 Elinor Circles\nGradyberg, WI 36495', '0408', '2022-08-18 11:37:41', '2022-08-18 11:37:41'),
(409, 'Reece DuBuque Jr.', 'reecedubuquejr.@email.com', '1-628-991-1774', '693 Estelle Inlet\nOdaland, KS 16659-0747', '0409', '2022-08-18 11:37:41', '2022-08-18 11:37:41'),
(410, 'Haleigh Reinger', 'haleighreinger@email.com', '+1-954-445-4498', '88121 Kuhlman Stravenue Suite 391\nEast Emil, IA 10154-1843', '0410', '2022-08-18 11:37:41', '2022-08-18 11:37:41'),
(411, 'Eduardo Goyette', 'eduardogoyette@email.com', '209.233.0156', '9070 Everette Union Apt. 898\nLake Ezekielland, CA 76039', '0411', '2022-08-18 11:37:41', '2022-08-18 11:37:41'),
(412, 'Ms. Hailee Boyer', 'ms.haileeboyer@email.com', '+1 (845) 279-4006', '421 Ferry Walk Suite 426\nSouth Edyth, AK 59784', '0412', '2022-08-18 11:37:41', '2022-08-18 11:37:41'),
(413, 'Ms. Kaelyn Goodwin', 'ms.kaelyngoodwin@email.com', '843.631.8054', '40288 Maymie Dam\nReingerton, DC 97897-8942', '0413', '2022-08-18 11:37:41', '2022-08-18 11:37:41'),
(414, 'Mrs. Ressie Upton', 'mrs.ressieupton@email.com', '(872) 855-0907', '2657 Emilie Road Apt. 368\nStevestad, AR 58719-9315', '0414', '2022-08-18 11:37:41', '2022-08-18 11:37:41'),
(415, 'Mrs. Novella Kunde', 'mrs.novellakunde@email.com', '517-689-4575', '5345 Leffler Estates\nWest Troyburgh, MA 84476', '0415', '2022-08-18 11:37:41', '2022-08-18 11:37:41'),
(416, 'Joanny Moore', 'joannymoore@email.com', '831.687.4698', '165 Roob Courts Apt. 147\nSofiaside, MI 24568', '0416', '2022-08-18 11:37:41', '2022-08-18 11:37:41'),
(417, 'Earl Daniel', 'earldaniel@email.com', '+15854898387', '720 Johnson Ridge\nStammfurt, TX 54883', '0417', '2022-08-18 11:37:41', '2022-08-18 11:37:41'),
(418, 'Dr. Shany Rempel', 'dr.shanyrempel@email.com', '269.289.2268', '927 Raynor Inlet\nWeimannland, AZ 41437-8536', '0418', '2022-08-18 11:37:41', '2022-08-18 11:37:41'),
(419, 'Esmeralda Moore I', 'esmeraldamoorei@email.com', '865.571.3966', '26400 Janick Terrace\nLake Nathanaelborough, RI 08051-2776', '0419', '2022-08-18 11:37:41', '2022-08-18 11:37:41'),
(420, 'Mr. Kelley Torphy IV', 'mr.kelleytorphyiv@email.com', '845-834-9080', '201 Macey Street Apt. 121\nPort Citlallihaven, NC 67234-9258', '0420', '2022-08-18 11:37:41', '2022-08-18 11:37:41'),
(421, 'Mr. Jeremy Hartmann PhD', 'mr.jeremyhartmannphd@email.com', '+1-952-938-7506', '2379 Mckayla Crescent\nFraneckifort, GA 01302', '0421', '2022-08-18 11:37:41', '2022-08-18 11:37:41'),
(422, 'Elwyn Renner', 'elwynrenner@email.com', '(341) 356-0068', '32138 Casandra Plains\nNew Maeve, MO 45387-0990', '0422', '2022-08-18 11:37:41', '2022-08-18 11:37:41'),
(423, 'Irwin Simonis', 'irwinsimonis@email.com', '+1 (740) 817-9414', '2451 Sipes Burgs Suite 588\nLake Jaquanchester, ND 71370-3291', '0423', '2022-08-18 11:37:41', '2022-08-18 11:37:41'),
(424, 'Lora Rogahn', 'lorarogahn@email.com', '785.294.9163', '6889 Rodriguez Alley\nNorth Florineborough, KY 69160', '0424', '2022-08-18 11:37:41', '2022-08-18 11:37:41'),
(425, 'Adolfo Schowalter', 'adolfoschowalter@email.com', '346-353-7614', '86276 Russel Spurs\nMosciskishire, AZ 34941', '0425', '2022-08-18 11:37:41', '2022-08-18 11:37:41'),
(426, 'Mrs. Twila Bode IV', 'mrs.twilabodeiv@email.com', '+1-341-988-0466', '9695 Marc Path\nNorth Paul, SC 63101-8488', '0426', '2022-08-18 11:37:41', '2022-08-18 11:37:41'),
(427, 'Domingo Bergnaum', 'domingobergnaum@email.com', '779-919-1573', '882 Jessie Island Apt. 845\nSouth Seanshire, MA 09257', '0427', '2022-08-18 11:37:41', '2022-08-18 11:37:41'),
(428, 'Bonita Schuster', 'bonitaschuster@email.com', '+19404294822', '19652 Mraz Estate\nPort Osbaldo, ND 49422', '0428', '2022-08-18 11:37:41', '2022-08-18 11:37:41'),
(429, 'Eldridge Wuckert I', 'eldridgewuckerti@email.com', '469-315-9620', '37283 Annamae Flat\nPrudenceburgh, HI 56920', '0429', '2022-08-18 11:37:41', '2022-08-18 11:37:41'),
(430, 'Amari Harber PhD', 'amariharberphd@email.com', '+1-231-896-0841', '77451 Conroy Isle Suite 645\nGrahamfort, FL 92576', '0430', '2022-08-18 11:37:41', '2022-08-18 11:37:41'),
(431, 'Adaline Schoen DDS', 'adalineschoendds@email.com', '1-458-313-5040', '93279 Hahn Cove\nWest Terencebury, ID 32725', '0431', '2022-08-18 11:37:41', '2022-08-18 11:37:41'),
(432, 'Prof. Elwyn Wolf I', 'prof.elwynwolfi@email.com', '+1-714-724-6570', '68136 Schuster Junction\nSpinkahaven, OH 05422', '0432', '2022-08-18 11:37:41', '2022-08-18 11:37:41'),
(433, 'Dr. Lionel Abernathy Sr.', 'dr.lionelabernathysr.@email.com', '(781) 824-3754', '8709 Issac Dale Apt. 961\nEast Micah, KS 36997', '0433', '2022-08-18 11:37:41', '2022-08-18 11:37:41'),
(434, 'Joel King', 'joelking@email.com', '435.645.9717', '951 Tina Hill\nSouth Harley, NV 08769-0326', '0434', '2022-08-18 11:37:41', '2022-08-18 11:37:41'),
(435, 'Angelica Bayer IV', 'angelicabayeriv@email.com', '(616) 878-2531', '6613 Grace Drives\nSouth Frederickborough, VT 12259-1217', '0435', '2022-08-18 11:37:41', '2022-08-18 11:37:41'),
(436, 'Dr. Estell Doyle', 'dr.estelldoyle@email.com', '+1.718.724.9330', '76565 Carroll Mountain Apt. 805\nNorth Florenceville, ME 44597', '0436', '2022-08-18 11:37:41', '2022-08-18 11:37:41'),
(437, 'Jerad Bechtelar', 'jeradbechtelar@email.com', '+1 (562) 346-1199', '91944 Crystel Cliff\nEast Mackenziestad, NJ 61541', '0437', '2022-08-18 11:37:41', '2022-08-18 11:37:41'),
(438, 'Clifton Hahn', 'cliftonhahn@email.com', '+1-385-790-5914', '263 Chyna Brook\nNew Daija, TX 45827-5409', '0438', '2022-08-18 11:37:41', '2022-08-18 11:37:41'),
(439, 'Jacky Welch', 'jackywelch@email.com', '256.323.5944', '24148 Federico Fork Suite 415\nMathildetown, OK 24742', '0439', '2022-08-18 11:37:41', '2022-08-18 11:37:41'),
(440, 'Mr. Sherman Koelpin', 'mr.shermankoelpin@email.com', '657-874-7546', '4923 Lueilwitz Plaza\nAglaeshire, IA 84072', '0440', '2022-08-18 11:37:41', '2022-08-18 11:37:41'),
(441, 'Aliza Kirlin', 'alizakirlin@email.com', '646-415-1139', '9426 Yazmin Key Apt. 829\nBlazefurt, RI 94397-5270', '0441', '2022-08-18 11:37:41', '2022-08-18 11:37:41'),
(442, 'Ms. Brionna Mann I', 'ms.brionnamanni@email.com', '1-214-682-6012', '3098 Bret Trail Suite 574\nNew Bernadineton, ND 35687', '0442', '2022-08-18 11:37:41', '2022-08-18 11:37:41'),
(443, 'Kurtis Graham', 'kurtisgraham@email.com', '1-352-720-8013', '639 Lubowitz Fort\nBoylefurt, WV 36125', '0443', '2022-08-18 11:37:41', '2022-08-18 11:37:41'),
(444, 'Stuart Kling', 'stuartkling@email.com', '+1.332.952.4338', '405 Eichmann Island Apt. 171\nNorth Roxane, WA 43213-1125', '0444', '2022-08-18 11:37:41', '2022-08-18 11:37:41'),
(445, 'Nadia Aufderhar', 'nadiaaufderhar@email.com', '+1.409.770.4599', '13540 Frederique Shore Apt. 500\nLueilwitzborough, AL 46078-2965', '0445', '2022-08-18 11:37:41', '2022-08-18 11:37:41'),
(446, 'Dr. Urban Bergstrom', 'dr.urbanbergstrom@email.com', '1-618-623-8428', '8522 Boyd Wall Apt. 599\nNorth Minnie, CA 90254-8024', '0446', '2022-08-18 11:37:41', '2022-08-18 11:37:41'),
(447, 'Sage Becker', 'sagebecker@email.com', '+1 (312) 355-3792', '811 Macy Springs\nNorth Kellie, CA 15963-3034', '0447', '2022-08-18 11:37:41', '2022-08-18 11:37:41'),
(448, 'Elvie Zieme PhD', 'elvieziemephd@email.com', '+1-414-730-6498', '928 Gretchen Squares\nSouth Lonzo, WV 82455', '0448', '2022-08-18 11:37:41', '2022-08-18 11:37:41'),
(449, 'Lexus Champlin', 'lexuschamplin@email.com', '+1 (321) 700-3570', '7604 Kub Camp\nArictown, NE 59196-3838', '0449', '2022-08-18 11:37:41', '2022-08-18 11:37:41'),
(450, 'Elvis Stracke', 'elvisstracke@email.com', '(336) 984-5230', '62270 Johnston Fords\nNorth Bentonside, VT 22055-7278', '0450', '2022-08-18 11:37:41', '2022-08-18 11:37:41'),
(451, 'Lorenz Turner', 'lorenzturner@email.com', '1-986-608-6518', '106 Moen Heights\nLilabury, NV 97602-9354', '0451', '2022-08-18 11:37:41', '2022-08-18 11:37:41'),
(452, 'Antonietta Waelchi DDS', 'antoniettawaelchidds@email.com', '+1 (980) 689-7341', '18700 Blanda Hill\nEast Tatumburgh, MI 67179-2390', '0452', '2022-08-18 11:37:41', '2022-08-18 11:37:41'),
(453, 'Frank Thompson', 'frankthompson@email.com', '+1.865.525.1430', '661 King Springs\nSouth Lonzochester, CO 79480-4608', '0453', '2022-08-18 11:37:41', '2022-08-18 11:37:41'),
(454, 'Miss Mona Hodkiewicz', 'missmonahodkiewicz@email.com', '+1-279-917-9564', '71455 Feest Valley\nWest Tremayne, MA 66897-6882', '0454', '2022-08-18 11:37:41', '2022-08-18 11:37:41'),
(455, 'Prof. Samson Zboncak II', 'prof.samsonzboncakii@email.com', '+12195666261', '26032 Baron Junctions Suite 280\nLake Flossie, MT 71132', '0455', '2022-08-18 11:37:41', '2022-08-18 11:37:41'),
(456, 'Anastasia Crist II', 'anastasiacristii@email.com', '+1-754-674-4897', '294 Amani Fork Apt. 879\nGottliebborough, OH 25796', '0456', '2022-08-18 11:37:41', '2022-08-18 11:37:41'),
(457, 'Melyssa Kilback V', 'melyssakilbackv@email.com', '(315) 597-9256', '1340 Littel Views\nLake Cristalborough, PA 56361', '0457', '2022-08-18 11:37:41', '2022-08-18 11:37:41'),
(458, 'Carmel Green', 'carmelgreen@email.com', '1-806-445-5052', '4309 Braun Causeway Suite 736\nFernandoberg, MA 16290-1154', '0458', '2022-08-18 11:37:41', '2022-08-18 11:37:41'),
(459, 'Prof. Walker Olson', 'prof.walkerolson@email.com', '+12068797906', '97988 Kylee Shoals\nBernadinemouth, IL 27472', '0459', '2022-08-18 11:37:41', '2022-08-18 11:37:41'),
(460, 'Mr. Charley Yost Jr.', 'mr.charleyyostjr.@email.com', '(234) 405-8311', '3819 Prosacco Cliffs Suite 643\nLake Leonfurt, AK 50768', '0460', '2022-08-18 11:37:41', '2022-08-18 11:37:41'),
(461, 'Dr. Jarod Kris II', 'dr.jarodkrisii@email.com', '+1.534.578.3399', '70055 Urban Plaza\nZionview, GA 25723-9895', '0461', '2022-08-18 11:37:41', '2022-08-18 11:37:41'),
(462, 'Prof. Lowell Hessel', 'prof.lowellhessel@email.com', '+1-320-627-8800', '8933 Xander Camp\nEast Nellie, WV 34601', '0462', '2022-08-18 11:37:41', '2022-08-18 11:37:41'),
(463, 'Osvaldo Windler DDS', 'osvaldowindlerdds@email.com', '980.460.3193', '283 Lenore Tunnel\nPort Valentinefurt, LA 92262-3589', '0463', '2022-08-18 11:37:41', '2022-08-18 11:37:41'),
(464, 'Mr. Lawson Hamill', 'mr.lawsonhamill@email.com', '845-686-4531', '25224 Bogisich Mountain\nClemensfort, RI 83666', '0464', '2022-08-18 11:37:41', '2022-08-18 11:37:41'),
(465, 'Harley Farrell DDS', 'harleyfarrelldds@email.com', '845.619.8174', '8815 Stamm Avenue Apt. 621\nPort Estelfort, IL 03989', '0465', '2022-08-18 11:37:41', '2022-08-18 11:37:41'),
(466, 'Jolie Prosacco', 'jolieprosacco@email.com', '740-475-4206', '137 Daniel Court\nMonahanton, NV 37312-1942', '0466', '2022-08-18 11:37:41', '2022-08-18 11:37:41'),
(467, 'Alvah Kohler', 'alvahkohler@email.com', '+1 (551) 763-1328', '8932 Prohaska Bridge\nCronatown, RI 17418-2640', '0467', '2022-08-18 11:37:41', '2022-08-18 11:37:41'),
(468, 'Misael Blick', 'misaelblick@email.com', '760-534-2144', '4334 Dianna Parks Suite 304\nRennerchester, RI 25593', '0468', '2022-08-18 11:37:41', '2022-08-18 11:37:41'),
(469, 'Dr. Jordi Hills II', 'dr.jordihillsii@email.com', '925-623-7450', '162 Gerda Heights Apt. 762\nDestineytown, NH 83803', '0469', '2022-08-18 11:37:41', '2022-08-18 11:37:41'),
(470, 'Jackeline Hahn', 'jackelinehahn@email.com', '(929) 688-8011', '48052 Greenholt Club Suite 385\nNorth Ellsworth, WI 14038', '0470', '2022-08-18 11:37:41', '2022-08-18 11:37:41'),
(471, 'Hulda Steuber', 'huldasteuber@email.com', '1-726-283-4876', '8368 Donna Port\nWebershire, SD 13914-0370', '0471', '2022-08-18 11:37:41', '2022-08-18 11:37:41'),
(472, 'Sammy Rutherford', 'sammyrutherford@email.com', '+1-605-584-4927', '258 Edward Fords Suite 589\nSouth Stacyville, WA 29006', '0472', '2022-08-18 11:37:41', '2022-08-18 11:37:41'),
(473, 'Dennis Morissette', 'dennismorissette@email.com', '762-540-5039', '195 Flatley Curve\nEast Maryse, WV 71285-3931', '0473', '2022-08-18 11:37:41', '2022-08-18 11:37:41'),
(474, 'Freddie Russel Sr.', 'freddierusselsr.@email.com', '979-808-4096', '804 Adriel Drives Suite 816\nReinaburgh, KS 72319-2556', '0474', '2022-08-18 11:37:41', '2022-08-18 11:37:41'),
(475, 'Miss Eleanore Grady', 'misseleanoregrady@email.com', '+1-651-445-5532', '107 Ole Mills Suite 814\nEast Claudiestad, NC 88420-3930', '0475', '2022-08-18 11:37:41', '2022-08-18 11:37:41'),
(476, 'Samanta Hoppe', 'samantahoppe@email.com', '630.516.2197', '978 Domenica Station Suite 166\nNorth Gene, NE 10091-8023', '0476', '2022-08-18 11:37:41', '2022-08-18 11:37:41'),
(477, 'Jany Flatley', 'janyflatley@email.com', '+1-701-482-8785', '5603 Ray Cliff Suite 071\nEast Jace, MS 87391-1286', '0477', '2022-08-18 11:37:41', '2022-08-18 11:37:41'),
(478, 'Mary Gulgowski', 'marygulgowski@email.com', '573-604-0131', '89345 Treutel Ridge\nBartonbury, GA 13713', '0478', '2022-08-18 11:37:41', '2022-08-18 11:37:41'),
(479, 'Amya Heathcote II', 'amyaheathcoteii@email.com', '+1-254-279-6545', '555 Mossie Stravenue\nEast Tonyville, CO 37679', '0479', '2022-08-18 11:37:41', '2022-08-18 11:37:41'),
(480, 'Ms. Genesis Champlin Jr.', 'ms.genesischamplinjr.@email.com', '1-386-694-5887', '208 Meredith Squares\nNew Dillon, WV 76534-2022', '0480', '2022-08-18 11:37:41', '2022-08-18 11:37:41'),
(481, 'Leslie White', 'lesliewhite@email.com', '352.258.9205', '88090 Bessie Lodge\nLangoshburgh, MN 91334-3258', '0481', '2022-08-18 11:37:41', '2022-08-18 11:37:41'),
(482, 'Dr. Jamel Schroeder I', 'dr.jamelschroederi@email.com', '612.239.0419', '368 Predovic Circle\nLake Sigurd, DC 49182', '0482', '2022-08-18 11:37:41', '2022-08-18 11:37:41'),
(483, 'Mr. Ismael Barrows II', 'mr.ismaelbarrowsii@email.com', '(757) 676-3125', '112 Branson Underpass Suite 320\nLoyland, IN 00982-8180', '0483', '2022-08-18 11:37:41', '2022-08-18 11:37:41'),
(484, 'Okey Gusikowski', 'okeygusikowski@email.com', '740.399.4865', '65551 Buddy Forge Apt. 890\nMoriahmouth, MN 27556-3291', '0484', '2022-08-18 11:37:41', '2022-08-18 11:37:41'),
(485, 'Janessa Johns', 'janessajohns@email.com', '(980) 230-7635', '88926 Jerrell Junctions Apt. 104\nWest Hannaland, MN 99710', '0485', '2022-08-18 11:37:41', '2022-08-18 11:37:41'),
(486, 'Penelope Legros V', 'penelopelegrosv@email.com', '1-304-957-5203', '7654 Goyette Stravenue Apt. 092\nArnoburgh, FL 27693-2668', '0486', '2022-08-18 11:37:41', '2022-08-18 11:37:41'),
(487, 'Jazmyne Lowe', 'jazmynelowe@email.com', '(813) 686-1257', '90938 Santino Mission\nNew Suzanne, WA 08876', '0487', '2022-08-18 11:37:41', '2022-08-18 11:37:41'),
(488, 'Dean Fritsch', 'deanfritsch@email.com', '779-256-4925', '5394 Brice Place\nLake Skyla, MT 78264-1944', '0488', '2022-08-18 11:37:41', '2022-08-18 11:37:41'),
(489, 'Iva Bogan', 'ivabogan@email.com', '(239) 463-0057', '135 Neil Estates\nEast Jazmyne, HI 65574', '0489', '2022-08-18 11:37:41', '2022-08-18 11:37:41'),
(490, 'Ashleigh Yost PhD', 'ashleighyostphd@email.com', '404.713.5538', '812 Macey Course\nViolaborough, GA 83955-2317', '0490', '2022-08-18 11:37:41', '2022-08-18 11:37:41'),
(491, 'Marcellus Gerlach', 'marcellusgerlach@email.com', '316.880.5363', '2064 Elian Land\nSouth Leif, OR 54952', '0491', '2022-08-18 11:37:41', '2022-08-18 11:37:41'),
(492, 'Willa Johns', 'willajohns@email.com', '605-909-6186', '594 Marks Cape\nTrishaside, VA 09961-4635', '0492', '2022-08-18 11:37:41', '2022-08-18 11:37:41'),
(493, 'Mr. Kurt Rath', 'mr.kurtrath@email.com', '689.912.8495', '366 Christiana Estates\nBarrowston, MT 57525', '0493', '2022-08-18 11:37:41', '2022-08-18 11:37:41'),
(494, 'Dax Kiehn', 'daxkiehn@email.com', '913.237.7185', '47239 Padberg Passage\nRutherfordberg, MA 85399-0713', '0494', '2022-08-18 11:37:41', '2022-08-18 11:37:41'),
(495, 'Prof. Dejuan Prohaska DVM', 'prof.dejuanprohaskadvm@email.com', '+1.412.423.8316', '713 Gottlieb Forges Suite 974\nWest Lacy, WI 08826-3594', '0495', '2022-08-18 11:37:41', '2022-08-18 11:37:41'),
(496, 'Mr. Reyes Hintz', 'mr.reyeshintz@email.com', '1-864-998-1780', '86358 Nelson Mountain Suite 911\nNew Maiya, OH 90966-1873', '0496', '2022-08-18 11:37:41', '2022-08-18 11:37:41'),
(497, 'Jazmyn Veum', 'jazmynveum@email.com', '1-907-476-0111', '1624 Von Corners\nSouth Elda, MS 36039-2829', '0497', '2022-08-18 11:37:41', '2022-08-18 11:37:41'),
(498, 'Alvina Senger', 'alvinasenger@email.com', '660.875.4487', '1752 Stamm Ford Suite 272\nZechariahport, VT 37577-2175', '0498', '2022-08-18 11:37:41', '2022-08-18 11:37:41'),
(499, 'Bettie Cummings', 'bettiecummings@email.com', '858.303.8750', '9547 Graham Bridge\nOcieburgh, OH 55382-1833', '0499', '2022-08-18 11:37:41', '2022-08-18 11:37:41'),
(500, 'Miss Michaela Pollich DDS', 'missmichaelapollichdds@email.com', '1-952-460-6792', '83813 Gladyce Passage\nFlorianmouth, OR 04529-5879', '0500', '2022-08-18 11:37:41', '2022-08-18 11:37:41');

-- --------------------------------------------------------

--
-- Estructura de tabla para la tabla `colas`
--

CREATE TABLE `colas` (
  `id` bigint(20) UNSIGNED NOT NULL,
  `start_at` timestamp NOT NULL DEFAULT CURRENT_TIMESTAMP ON UPDATE CURRENT_TIMESTAMP,
  `end_at` timestamp NULL DEFAULT NULL,
  `turno` varchar(255) COLLATE utf8mb4_unicode_ci NOT NULL,
  `status` enum('open','close','process','waiting') COLLATE utf8mb4_unicode_ci NOT NULL,
  `client_id` bigint(20) UNSIGNED NOT NULL,
  `user_id` bigint(20) UNSIGNED DEFAULT NULL,
  `mesa_id` bigint(20) UNSIGNED DEFAULT NULL,
  `area_id` bigint(20) UNSIGNED DEFAULT NULL,
  `deleted_at` timestamp NULL DEFAULT NULL,
  `created_at` timestamp NULL DEFAULT NULL,
  `updated_at` timestamp NULL DEFAULT NULL
) ENGINE=InnoDB DEFAULT CHARSET=utf8mb4 COLLATE=utf8mb4_unicode_ci;

--
-- Volcado de datos para la tabla `colas`
--

INSERT INTO `colas` (`id`, `start_at`, `end_at`, `turno`, `status`, `client_id`, `user_id`, `mesa_id`, `area_id`, `deleted_at`, `created_at`, `updated_at`) VALUES
(1, '2022-08-18 17:39:59', '2022-08-18 11:39:59', 'CF-1', 'close', 46, 12, 12, 8, NULL, '2022-08-18 11:37:51', '2022-08-18 11:39:59'),
(2, '2022-08-18 17:40:30', '2022-08-18 11:40:29', 'CF-2', 'close', 456, 3, 3, 8, NULL, '2022-08-18 11:37:55', '2022-08-18 11:40:29'),
(3, '2022-08-18 17:40:39', '2022-08-18 11:40:39', 'DP-1', 'close', 346, 3, 3, 6, NULL, '2022-08-18 11:37:59', '2022-08-18 11:40:39'),
(4, '2022-08-18 17:41:13', '2022-08-18 11:41:13', 'HP-1', 'close', 246, 6, 6, 3, NULL, '2022-08-18 11:38:04', '2022-08-18 11:41:13'),
(5, '2022-08-18 17:41:48', '2022-08-18 11:41:48', 'NG-1', 'close', 431, 8, 8, 5, NULL, '2022-08-18 11:38:09', '2022-08-18 11:41:48'),
(6, '2022-08-18 17:41:56', '2022-08-18 11:41:56', 'BR-1', 'close', 421, 8, 8, 7, NULL, '2022-08-18 11:38:15', '2022-08-18 11:41:56'),
(7, '2022-08-18 17:42:24', '2022-08-18 11:42:24', 'CF-3', 'close', 312, 9, 9, 8, NULL, '2022-08-18 11:38:20', '2022-08-18 11:42:24'),
(8, '2022-08-18 17:42:48', '2022-08-18 11:42:48', 'NG-2', 'close', 216, 12, 12, 5, NULL, '2022-08-18 11:38:25', '2022-08-18 11:42:48'),
(9, '2022-08-18 17:42:59', '2022-08-18 11:42:59', 'DP-2', 'close', 125, 9, 9, 6, NULL, '2022-08-18 11:38:28', '2022-08-18 11:42:59'),
(10, '2022-08-18 17:43:02', '2022-08-18 11:43:02', 'DP-3', 'close', 324, 12, 12, 6, NULL, '2022-08-18 11:38:31', '2022-08-18 11:43:02'),
(11, '2022-08-18 17:43:08', '2022-08-18 11:43:08', 'PR-1', 'close', 245, 12, 12, 2, NULL, '2022-08-18 11:38:37', '2022-08-18 11:43:08'),
(12, '2022-08-18 17:43:36', '2022-08-18 11:43:36', 'PR-2', 'close', 500, 11, 11, 2, NULL, '2022-08-18 11:38:47', '2022-08-18 11:43:36'),
(13, '2022-08-18 17:43:40', '2022-08-18 11:43:40', 'BR-2', 'close', 233, 11, 11, 7, NULL, '2022-08-18 11:39:01', '2022-08-18 11:43:40'),
(14, '2022-08-18 11:39:09', NULL, 'TJ-1', 'open', 400, NULL, NULL, 4, NULL, '2022-08-18 11:39:09', '2022-08-18 11:39:09'),
(15, '2022-08-18 11:39:16', NULL, 'AH-1', 'open', 213, NULL, NULL, 1, NULL, '2022-08-18 11:39:16', '2022-08-18 11:39:16'),
(16, '2022-08-18 11:39:21', NULL, 'AH-2', 'open', 140, NULL, NULL, 1, NULL, '2022-08-18 11:39:21', '2022-08-18 11:39:21'),
(17, '2022-08-18 11:39:25', NULL, 'AH-3', 'open', 126, NULL, NULL, 1, NULL, '2022-08-18 11:39:25', '2022-08-18 11:39:25');

-- --------------------------------------------------------

--
-- Estructura de tabla para la tabla `mesas`
--

CREATE TABLE `mesas` (
  `id` bigint(20) UNSIGNED NOT NULL,
  `name` varchar(255) COLLATE utf8mb4_unicode_ci NOT NULL,
  `created_at` timestamp NULL DEFAULT NULL,
  `updated_at` timestamp NULL DEFAULT NULL
) ENGINE=InnoDB DEFAULT CHARSET=utf8mb4 COLLATE=utf8mb4_unicode_ci;

--
-- Volcado de datos para la tabla `mesas`
--

INSERT INTO `mesas` (`id`, `name`, `created_at`, `updated_at`) VALUES
(1, 'Sala de Espera', '2022-08-18 11:37:40', '2022-08-18 11:37:40'),
(2, 'Posición 1', '2022-08-18 11:37:40', '2022-08-18 11:37:40'),
(3, 'Posición 2', '2022-08-18 11:37:40', '2022-08-18 11:37:40'),
(4, 'Posición 3', '2022-08-18 11:37:40', '2022-08-18 11:37:40'),
(5, 'Posición 4', '2022-08-18 11:37:40', '2022-08-18 11:37:40'),
(6, 'Posición 5', '2022-08-18 11:37:40', '2022-08-18 11:37:40'),
(7, 'Posición 6', '2022-08-18 11:37:40', '2022-08-18 11:37:40'),
(8, 'Posición 7', '2022-08-18 11:37:40', '2022-08-18 11:37:40'),
(9, 'Posición 8', '2022-08-18 11:37:40', '2022-08-18 11:37:40'),
(10, 'Posición 9', '2022-08-18 11:37:40', '2022-08-18 11:37:40'),
(11, 'Posición 10', '2022-08-18 11:37:40', '2022-08-18 11:37:40'),
(12, 'Posición 11', '2022-08-18 11:37:40', '2022-08-18 11:37:40');

-- --------------------------------------------------------

--
-- Estructura de tabla para la tabla `users`
--

CREATE TABLE `users` (
  `id` bigint(20) UNSIGNED NOT NULL,
  `name` varchar(255) COLLATE utf8mb4_unicode_ci NOT NULL,
  `username` varchar(255) COLLATE utf8mb4_unicode_ci NOT NULL,
  `email` varchar(255) COLLATE utf8mb4_unicode_ci NOT NULL,
  `email_verified_at` timestamp NULL DEFAULT NULL,
  `password` varchar(255) COLLATE utf8mb4_unicode_ci NOT NULL,
  `mesa_id` bigint(20) UNSIGNED NOT NULL,
  `remember_token` varchar(100) COLLATE utf8mb4_unicode_ci DEFAULT NULL,
  `created_at` timestamp NULL DEFAULT NULL,
  `updated_at` timestamp NULL DEFAULT NULL
) ENGINE=InnoDB DEFAULT CHARSET=utf8mb4 COLLATE=utf8mb4_unicode_ci;

--
-- Volcado de datos para la tabla `users`
--

INSERT INTO `users` (`id`, `name`, `username`, `email`, `email_verified_at`, `password`, `mesa_id`, `remember_token`, `created_at`, `updated_at`) VALUES
(1, 'Cliente', 'cliente', 'cliente@atriontechsd.com', '2022-08-18 11:37:40', '$2y$10$9Jb6nuI6ZFKntZ9T2RdI2./AbI0s/uTtix7JLSYfdaU3/vW9AwQ.S', 1, 'ofk0dYbTFCRILfrsZWe0HzXrBxlN6MY8GLPlSnYHFdZBOzyqOTxrHIROWjMd', '2022-08-18 11:37:40', '2022-08-18 11:37:40'),
(2, 'Mr. Nestor Franecki', 'mr.nestorfranecki', 'wlockman@example.org', '2022-08-18 11:37:40', '$2y$10$92IXUNpkjO0rOQ5byMi.Ye4oKoEa3Ro9llC/.og/at2.uheWG/igi', 2, 'kRSmh5KdzJ', '2022-08-18 11:37:40', '2022-08-18 11:37:40'),
(3, 'Brain Koepp', 'brainkoepp', 'marion40@example.net', '2022-08-18 11:37:40', '$2y$10$92IXUNpkjO0rOQ5byMi.Ye4oKoEa3Ro9llC/.og/at2.uheWG/igi', 3, 'lCvwYdwHQxsZfa459BCYvdbbYOOccnJCmlb9d3c4ZM6tHBncPb56hVQdlk6U', '2022-08-18 11:37:40', '2022-08-18 11:37:40'),
(4, 'Garth Schmeler', 'garthschmeler', 'sallie.turner@example.org', '2022-08-18 11:37:40', '$2y$10$92IXUNpkjO0rOQ5byMi.Ye4oKoEa3Ro9llC/.og/at2.uheWG/igi', 4, 'd5NLidVOFf', '2022-08-18 11:37:40', '2022-08-18 11:37:40'),
(5, 'Kassandra Zemlak III', 'kassandrazemlakiii', 'glover.britney@example.net', '2022-08-18 11:37:40', '$2y$10$92IXUNpkjO0rOQ5byMi.Ye4oKoEa3Ro9llC/.og/at2.uheWG/igi', 5, 'v3svEtJ2RE', '2022-08-18 11:37:40', '2022-08-18 11:37:40'),
(6, 'Conner Langosh', 'connerlangosh', 'bdonnelly@example.org', '2022-08-18 11:37:40', '$2y$10$92IXUNpkjO0rOQ5byMi.Ye4oKoEa3Ro9llC/.og/at2.uheWG/igi', 6, 'OYSLEBx7cw5RkNeXt22aqLx3IXRkia3sSBl9eZamQnQYC4htUMaVXxPrgdWA', '2022-08-18 11:37:40', '2022-08-18 11:37:40'),
(7, 'Prof. Wilber Balistreri IV', 'prof.wilberbalistreriiv', 'daniel.royal@example.net', '2022-08-18 11:37:40', '$2y$10$92IXUNpkjO0rOQ5byMi.Ye4oKoEa3Ro9llC/.og/at2.uheWG/igi', 7, '1cFZQK1Jaw', '2022-08-18 11:37:40', '2022-08-18 11:37:40'),
(8, 'Santa Koch', 'santakoch', 'roberts.ally@example.com', '2022-08-18 11:37:40', '$2y$10$92IXUNpkjO0rOQ5byMi.Ye4oKoEa3Ro9llC/.og/at2.uheWG/igi', 8, 'Mo8y0oOStSlqiQKyc5MdpNHcrHwq6exYB7Elo0ktiBtPUojXn9oWCBH7Zs74', '2022-08-18 11:37:40', '2022-08-18 11:37:40'),
(9, 'Joanie Walter DDS', 'joaniewalterdds', 'pfannerstill.aiden@example.org', '2022-08-18 11:37:40', '$2y$10$92IXUNpkjO0rOQ5byMi.Ye4oKoEa3Ro9llC/.og/at2.uheWG/igi', 9, 'bP4dK1qrHTxxWTkySnbDczAljDmGqehBM2NjUm35rY4BggPO47aE27Irzh4q', '2022-08-18 11:37:40', '2022-08-18 11:37:40'),
(10, 'Simone Frami', 'simoneframi', 'sipes.carmela@example.org', '2022-08-18 11:37:40', '$2y$10$92IXUNpkjO0rOQ5byMi.Ye4oKoEa3Ro9llC/.og/at2.uheWG/igi', 10, 'J0RGC0TLLH', '2022-08-18 11:37:40', '2022-08-18 11:37:40'),
(11, 'Lon Hyatt Jr.', 'lonhyattjr.', 'llubowitz@example.org', '2022-08-18 11:37:40', '$2y$10$92IXUNpkjO0rOQ5byMi.Ye4oKoEa3Ro9llC/.og/at2.uheWG/igi', 11, 'Mu6tFm4JWH', '2022-08-18 11:37:40', '2022-08-18 11:37:40'),
(12, 'Ismael Contreras', 'atriontechsd', 'info@atriontechsd.com', '2022-08-18 11:37:40', '$2y$10$SISc2OE3IBuoKzikCFqrd.7kFuARnpVRm1KfoiT1qnqUwb3Fu1mfi', 12, '7C2e7lINIKlcNoh1ke4KpiwKFcbNYnF3rzuvatTqzhPg5vkHzTjzsFEru5vD', '2022-08-18 11:37:40', '2022-08-18 11:37:40');

--
-- Índices para tablas volcadas
--

--
-- Indices de la tabla `areas`
--
ALTER TABLE `areas`
  ADD PRIMARY KEY (`id`);

--
-- Indices de la tabla `clients`
--
ALTER TABLE `clients`
  ADD PRIMARY KEY (`id`),
  ADD UNIQUE KEY `clients_email_unique` (`email`);

--
-- Indices de la tabla `colas`
--
ALTER TABLE `colas`
  ADD PRIMARY KEY (`id`),
  ADD KEY `colas_client_id_foreign` (`client_id`),
  ADD KEY `colas_user_id_foreign` (`user_id`),
  ADD KEY `colas_mesa_id_foreign` (`mesa_id`),
  ADD KEY `colas_area_id_foreign` (`area_id`);

--
-- Indices de la tabla `mesas`
--
ALTER TABLE `mesas`
  ADD PRIMARY KEY (`id`);

--
-- Indices de la tabla `users`
--
ALTER TABLE `users`
  ADD PRIMARY KEY (`id`),
  ADD UNIQUE KEY `users_username_unique` (`username`),
  ADD UNIQUE KEY `users_email_unique` (`email`),
  ADD KEY `users_mesa_id_foreign` (`mesa_id`);

--
-- AUTO_INCREMENT de las tablas volcadas
--

--
-- AUTO_INCREMENT de la tabla `areas`
--
ALTER TABLE `areas`
  MODIFY `id` bigint(20) UNSIGNED NOT NULL AUTO_INCREMENT, AUTO_INCREMENT=10;

--
-- AUTO_INCREMENT de la tabla `clients`
--
ALTER TABLE `clients`
  MODIFY `id` bigint(20) UNSIGNED NOT NULL AUTO_INCREMENT, AUTO_INCREMENT=501;

--
-- AUTO_INCREMENT de la tabla `colas`
--
ALTER TABLE `colas`
  MODIFY `id` bigint(20) UNSIGNED NOT NULL AUTO_INCREMENT, AUTO_INCREMENT=18;

--
-- AUTO_INCREMENT de la tabla `mesas`
--
ALTER TABLE `mesas`
  MODIFY `id` bigint(20) UNSIGNED NOT NULL AUTO_INCREMENT, AUTO_INCREMENT=13;

--
-- AUTO_INCREMENT de la tabla `users`
--
ALTER TABLE `users`
  MODIFY `id` bigint(20) UNSIGNED NOT NULL AUTO_INCREMENT, AUTO_INCREMENT=13;

--
-- Restricciones para tablas volcadas
--

--
-- Filtros para la tabla `colas`
--
ALTER TABLE `colas`
  ADD CONSTRAINT `colas_area_id_foreign` FOREIGN KEY (`area_id`) REFERENCES `areas` (`id`),
  ADD CONSTRAINT `colas_client_id_foreign` FOREIGN KEY (`client_id`) REFERENCES `clients` (`id`),
  ADD CONSTRAINT `colas_mesa_id_foreign` FOREIGN KEY (`mesa_id`) REFERENCES `mesas` (`id`),
  ADD CONSTRAINT `colas_user_id_foreign` FOREIGN KEY (`user_id`) REFERENCES `users` (`id`);

--
-- Filtros para la tabla `users`
--
ALTER TABLE `users`
  ADD CONSTRAINT `users_mesa_id_foreign` FOREIGN KEY (`mesa_id`) REFERENCES `mesas` (`id`);
COMMIT;

/*!40101 SET CHARACTER_SET_CLIENT=@OLD_CHARACTER_SET_CLIENT */;
/*!40101 SET CHARACTER_SET_RESULTS=@OLD_CHARACTER_SET_RESULTS */;
/*!40101 SET COLLATION_CONNECTION=@OLD_COLLATION_CONNECTION */;
